"target_share","actual_share","pca_wins","pca_advantage"
0.1,0.1,FALSE,-18.7674542074201
0.1,0.1,TRUE,5.40057422026803
0.1,0.1,TRUE,1.00370117402053
0.1,0.1,FALSE,-9.54818440067174
0.1,0.1,FALSE,-5.60199113180352
0.1,0.1,FALSE,-9.77399377639449
0.1,0.1,FALSE,-14.6823537630044
0.1,0.1,FALSE,-10.6583666238148
0.1,0.1,FALSE,-12.839767105299
0.1,0.1,FALSE,-0.426279848928971
0.1,0.1,FALSE,-1.13964160238538
0.1,0.1,FALSE,-4.17787579131982
0.1,0.1,FALSE,-16.2751045097611
0.1,0.1,FALSE,-2.74269751196698
0.1,0.1,TRUE,0.287059320045955
0.1,0.1,FALSE,-15.4698063825599
0.1,0.1,TRUE,2.17445366408356
0.1,0.1,FALSE,-15.3157917621502
0.1,0.1,FALSE,-19.4219421372145
0.1,0.1,TRUE,4.7346739903478
0.1,0.1,FALSE,-37.2944027139965
0.1,0.1,FALSE,-0.213755131488142
0.1,0.1,FALSE,-13.702832498966
0.1,0.1,FALSE,-5.03927015941736
0.1,0.1,FALSE,-40.552882227199
0.1,0.1,FALSE,-10.0736963173222
0.1,0.1,FALSE,-17.2570900792925
0.1,0.1,FALSE,-59.7181729768381
0.1,0.1,FALSE,-21.0170042122045
0.1,0.1,FALSE,-41.7016719269377
0.1,0.1,FALSE,-45.9908604541488
0.1,0.1,FALSE,-13.1143655879132
0.1,0.1,FALSE,-12.0915144396931
0.1,0.1,TRUE,3.36342286940271
0.1,0.1,TRUE,0.2405108739149
0.1,0.1,FALSE,-11.4274097002562
0.1,0.1,FALSE,-0.221875070008537
0.1,0.1,TRUE,3.57914454135971
0.1,0.1,FALSE,-7.70877439672404
0.1,0.1,FALSE,-20.4224368846553
0.1,0.1,FALSE,-1.2017376144031
0.1,0.1,FALSE,-35.1942668703086
0.1,0.1,TRUE,1.7953927394592
0.1,0.1,FALSE,-20.3535905367571
0.1,0.1,FALSE,-21.4652376522754
0.1,0.1,FALSE,-20.1470194558569
0.1,0.1,FALSE,-14.1184321694818
0.1,0.1,FALSE,-55.7400046856746
0.1,0.1,FALSE,-4.96962422814613
0.1,0.1,FALSE,-17.4035348176731
0.11,0.11,FALSE,-37.9542636106198
0.11,0.11,FALSE,-46.9699891142263
0.11,0.11,FALSE,-25.920715998298
0.11,0.11,FALSE,-28.9173792201946
0.11,0.11,FALSE,-29.1333007458052
0.11,0.11,FALSE,-31.0220131293718
0.11,0.11,FALSE,-12.1157301837411
0.11,0.11,FALSE,-35.3967061796102
0.11,0.11,FALSE,-2.33166735702252
0.11,0.11,FALSE,-0.172658140032581
0.11,0.11,FALSE,-32.3895937846137
0.11,0.11,FALSE,-10.4283174821576
0.11,0.11,FALSE,-12.6792978322337
0.11,0.11,FALSE,-9.99579121319402
0.11,0.11,FALSE,-17.6050734495366
0.11,0.11,FALSE,-15.5623410342232
0.11,0.11,FALSE,-10.7543817105216
0.11,0.11,FALSE,-17.2569794302071
0.11,0.11,FALSE,-29.5515354609233
0.11,0.11,FALSE,-30.4523181553668
0.11,0.11,FALSE,-9.36451870210658
0.11,0.11,FALSE,-11.6850441106944
0.11,0.11,FALSE,-15.4564506726238
0.11,0.11,FALSE,-2.67160301912736
0.11,0.11,FALSE,-15.7424410057902
0.11,0.11,FALSE,-3.44450196718026
0.11,0.11,FALSE,-32.506662556425
0.11,0.11,FALSE,-2.9389282101547
0.11,0.11,TRUE,2.61487293837854
0.11,0.11,FALSE,-26.9497471040195
0.11,0.11,FALSE,-25.412280636574
0.11,0.11,FALSE,-17.3106181571857
0.11,0.11,FALSE,-10.1371988213468
0.11,0.11,FALSE,-4.24399692435327
0.11,0.11,FALSE,-7.73981725471822
0.11,0.11,FALSE,-14.6825802175081
0.11,0.11,FALSE,-6.20406605222524
0.11,0.11,FALSE,-1.43641569003012
0.11,0.11,FALSE,-22.6766759756902
0.11,0.11,FALSE,-17.183782980359
0.11,0.11,FALSE,-0.721412212438736
0.11,0.11,FALSE,-13.7804062856922
0.11,0.11,FALSE,-35.2398711070236
0.11,0.11,FALSE,-9.81341526235701
0.11,0.11,FALSE,-9.59692239748983
0.11,0.11,FALSE,-34.3277929198521
0.11,0.11,FALSE,-39.2500394724229
0.11,0.11,FALSE,-21.8084701355474
0.11,0.11,TRUE,7.06496401732511
0.11,0.11,FALSE,-12.7418652883462
0.12,0.12,FALSE,-30.6119460043919
0.12,0.12,FALSE,-51.1669800556192
0.12,0.12,FALSE,-3.29467877966454
0.12,0.12,FALSE,-7.46723081460368
0.12,0.12,FALSE,-9.99008313885133
0.12,0.12,FALSE,-10.1716996324431
0.12,0.12,FALSE,-26.5498079378813
0.12,0.12,TRUE,2.74798592200023
0.12,0.12,FALSE,-16.601594261796
0.12,0.12,FALSE,-6.20628154695805
0.12,0.12,FALSE,-8.1646253504623
0.12,0.12,FALSE,-38.0690673434146
0.12,0.12,FALSE,-12.7727828978568
0.12,0.12,TRUE,6.13512365511269
0.12,0.12,TRUE,8.19217949721133
0.12,0.12,TRUE,0.480278850758623
0.12,0.12,FALSE,-15.9101488685155
0.12,0.12,FALSE,-26.2345113708798
0.12,0.12,FALSE,-12.6664380670372
0.12,0.12,FALSE,-2.5271137250129
0.12,0.12,FALSE,-5.03511059788434
0.12,0.12,FALSE,-0.891096131570521
0.12,0.12,FALSE,-15.592816445358
0.12,0.12,FALSE,-26.4381420478676
0.12,0.12,FALSE,-30.6271610113581
0.12,0.12,TRUE,2.13848370635606
0.12,0.12,FALSE,-39.2727216036074
0.12,0.12,FALSE,-28.6314913342649
0.12,0.12,FALSE,-19.9846888281645
0.12,0.12,FALSE,-42.0382876726617
0.12,0.12,FALSE,-26.7407390613371
0.12,0.12,FALSE,-29.0281594010085
0.12,0.12,FALSE,-6.78796466096537
0.12,0.12,FALSE,-31.4170334663686
0.12,0.12,FALSE,-3.15132951804844
0.12,0.12,FALSE,-11.6755800580395
0.12,0.12,FALSE,-0.844321303997276
0.12,0.12,FALSE,-15.2475330562957
0.12,0.12,FALSE,-3.47160257892028
0.12,0.12,FALSE,-4.4342681717535
0.12,0.12,FALSE,-9.82298926622389
0.12,0.12,FALSE,-5.32140545067523
0.12,0.12,FALSE,-16.904970002277
0.12,0.12,FALSE,-20.1104493029779
0.12,0.12,FALSE,-17.3350266361194
0.12,0.12,FALSE,-6.21843944380089
0.12,0.12,FALSE,-21.3828984614993
0.12,0.12,FALSE,-26.7964421966426
0.12,0.12,TRUE,7.90218428138905
0.12,0.12,TRUE,1.02187594437055
0.13,0.13,FALSE,-10.1351144861583
0.13,0.13,FALSE,-21.449365231405
0.13,0.13,FALSE,-12.8069264774349
0.13,0.13,FALSE,-14.7560033606933
0.13,0.13,FALSE,-17.3375096212112
0.13,0.13,FALSE,-21.1497116695537
0.13,0.13,FALSE,-25.3908074340761
0.13,0.13,FALSE,-2.25739521518335
0.13,0.13,TRUE,2.84688718700636
0.13,0.13,FALSE,-8.4977904296502
0.13,0.13,FALSE,-13.6093119179131
0.13,0.13,FALSE,-36.0555487626152
0.13,0.13,FALSE,-7.36319774720687
0.13,0.13,FALSE,-7.64491424061271
0.13,0.13,FALSE,-21.1831439571797
0.13,0.13,FALSE,-21.4149698611836
0.13,0.13,FALSE,-33.5995251203276
0.13,0.13,FALSE,-21.4828686222245
0.13,0.13,FALSE,-10.4021652270312
0.13,0.13,FALSE,-24.8801242042791
0.13,0.13,FALSE,-0.490545086435304
0.13,0.13,FALSE,-15.6021794144799
0.13,0.13,FALSE,-9.19658299761068
0.13,0.13,FALSE,-43.9587849808377
0.13,0.13,TRUE,3.27619120412055
0.13,0.13,FALSE,-2.8116111469426
0.13,0.13,FALSE,-8.82066695780668
0.13,0.13,FALSE,-12.6954238026046
0.13,0.13,FALSE,-3.60758573349449
0.13,0.13,TRUE,4.14133328803655
0.13,0.13,FALSE,-18.1209116268874
0.13,0.13,FALSE,-27.7551011373507
0.13,0.13,TRUE,5.59161585764741
0.13,0.13,FALSE,-31.3937471645404
0.13,0.13,FALSE,-7.04242438218353
0.13,0.13,FALSE,-41.0687932562105
0.13,0.13,FALSE,-7.56171856283981
0.13,0.13,FALSE,-4.18343493696739
0.13,0.13,FALSE,-12.9048168964655
0.13,0.13,FALSE,-12.9908500790771
0.13,0.13,FALSE,-35.0417536434506
0.13,0.13,FALSE,-5.38640818480053
0.13,0.13,TRUE,0.0245403521694243
0.13,0.13,FALSE,-14.648885393508
0.13,0.13,FALSE,-3.2315371074219
0.13,0.13,TRUE,3.64094221593041
0.13,0.13,FALSE,-1.81632864887069
0.13,0.13,FALSE,-6.76195081425976
0.13,0.13,FALSE,-16.4160818809578
0.13,0.13,TRUE,7.37879105580578
0.14,0.14,FALSE,-25.3866944983492
0.14,0.14,FALSE,-6.5400884690207
0.14,0.14,FALSE,-5.76076031805496
0.14,0.14,FALSE,-16.9182206768819
0.14,0.14,TRUE,3.1849102997403
0.14,0.14,FALSE,-10.9076437595395
0.14,0.14,FALSE,-8.26788188021601
0.14,0.14,FALSE,-32.7295792633377
0.14,0.14,FALSE,-2.59317671487952
0.14,0.14,TRUE,3.65835012169555
0.14,0.14,FALSE,-12.1968571052712
0.14,0.14,FALSE,-22.1358716687209
0.14,0.14,FALSE,-23.6136147684338
0.14,0.14,FALSE,-5.63719614332513
0.14,0.14,FALSE,-27.2498973261791
0.14,0.14,TRUE,5.76508786346312
0.14,0.14,FALSE,-8.88255945089259
0.14,0.14,TRUE,4.16573878621421
0.14,0.14,FALSE,-32.7990232718475
0.14,0.14,FALSE,-22.3342987999022
0.14,0.14,FALSE,-18.572849426615
0.14,0.14,FALSE,-6.1072503246869
0.14,0.14,FALSE,-6.77159764748285
0.14,0.14,FALSE,-39.9422455772619
0.14,0.14,FALSE,-28.3471938667499
0.14,0.14,FALSE,-28.1135856874171
0.14,0.14,FALSE,-26.3400045230337
0.14,0.14,FALSE,-31.6729986274731
0.14,0.14,FALSE,-1.67457110207397
0.14,0.14,FALSE,-13.3937272847288
0.14,0.14,FALSE,-16.4127696770483
0.14,0.14,FALSE,-24.3742713516331
0.14,0.14,FALSE,-12.9372472348659
0.14,0.14,TRUE,3.34774962563097
0.14,0.14,FALSE,-13.6526669235536
0.14,0.14,FALSE,-24.1874604889199
0.14,0.14,FALSE,-17.1667863078656
0.14,0.14,FALSE,-23.3035332166874
0.14,0.14,FALSE,-22.028989762377
0.14,0.14,FALSE,-23.6358120053737
0.14,0.14,FALSE,-22.179736921782
0.14,0.14,FALSE,-15.5342564856692
0.14,0.14,FALSE,-9.8464270905024
0.14,0.14,FALSE,-4.33632581054189
0.14,0.14,TRUE,16.4722618323322
0.14,0.14,TRUE,4.48215053247623
0.14,0.14,FALSE,-11.2212433678578
0.14,0.14,FALSE,-3.34833138036993
0.14,0.14,FALSE,-17.7095189816246
0.14,0.14,FALSE,-1.26987770902633
0.15,0.15,FALSE,-2.95162172449272
0.15,0.15,TRUE,8.21246348403292
0.15,0.15,TRUE,4.41700889871208
0.15,0.15,FALSE,-16.2543665587873
0.15,0.15,FALSE,-28.0325191794655
0.15,0.15,FALSE,-0.36429896363552
0.15,0.15,FALSE,-13.9752784442317
0.15,0.15,TRUE,4.24360293313293
0.15,0.15,FALSE,-11.1260960552172
0.15,0.15,FALSE,-17.1138971282853
0.15,0.15,FALSE,-10.4670742113522
0.15,0.15,FALSE,-7.96130216271558
0.15,0.15,FALSE,-25.5795065515631
0.15,0.15,FALSE,-12.7041997823944
0.15,0.15,FALSE,-24.8765880395695
0.15,0.15,FALSE,-15.7559301453402
0.15,0.15,FALSE,-6.55633441210739
0.15,0.15,FALSE,-16.5717673216277
0.15,0.15,FALSE,-0.553811948393559
0.15,0.15,FALSE,-32.5634508621188
0.15,0.15,FALSE,-0.8026096151807
0.15,0.15,FALSE,-4.53176307805916
0.15,0.15,FALSE,-18.6250105370418
0.15,0.15,FALSE,-28.4571211396978
0.15,0.15,FALSE,-12.245039016394
0.15,0.15,FALSE,-1.17580801780787
0.15,0.15,FALSE,-1.59227268300674
0.15,0.15,TRUE,3.53627226729805
0.15,0.15,FALSE,-5.6319636486478
0.15,0.15,FALSE,-21.5727146172831
0.15,0.15,FALSE,-22.124365183623
0.15,0.15,FALSE,-4.63225923777645
0.15,0.15,FALSE,-15.8992266236346
0.15,0.15,FALSE,-4.05619238603322
0.15,0.15,FALSE,-29.0024758328764
0.15,0.15,FALSE,-7.38371549773728
0.15,0.15,FALSE,-11.5961985725298
0.15,0.15,FALSE,-19.0291108621277
0.15,0.15,FALSE,-39.4649123004056
0.15,0.15,FALSE,-31.178143876652
0.15,0.15,FALSE,-4.91081738043795
0.15,0.15,FALSE,-14.5825725368268
0.15,0.15,FALSE,-8.82003052069194
0.15,0.15,FALSE,-34.3564593565316
0.15,0.15,FALSE,-0.251907123987621
0.15,0.15,FALSE,-10.5899851745889
0.15,0.15,FALSE,-32.6140597678896
0.15,0.15,TRUE,6.00282057849108
0.15,0.15,FALSE,-9.94060009964596
0.15,0.15,TRUE,4.14554003229568
0.16,0.16,FALSE,-26.7349448397617
0.16,0.16,FALSE,-33.3701546963894
0.16,0.16,FALSE,-6.98462366792228
0.16,0.16,FALSE,-32.7248074192867
0.16,0.16,FALSE,-4.42517850466538
0.16,0.16,FALSE,-20.1310954652508
0.16,0.16,FALSE,-2.07353324907308
0.16,0.16,FALSE,-1.02961314901404
0.16,0.16,FALSE,-4.63684276886124
0.16,0.16,FALSE,-17.1929060968832
0.16,0.16,FALSE,-27.0054079883266
0.16,0.16,FALSE,-25.0136923343598
0.16,0.16,FALSE,-14.8530852251934
0.16,0.16,FALSE,-12.0022314065827
0.16,0.16,TRUE,0.890019560763903
0.16,0.16,FALSE,-25.2652125987079
0.16,0.16,FALSE,-13.3078505310732
0.16,0.16,TRUE,5.16330453054616
0.16,0.16,FALSE,-12.5307743190897
0.16,0.16,TRUE,4.42133165560153
0.16,0.16,FALSE,-26.4823629772036
0.16,0.16,FALSE,-14.5543651897242
0.16,0.16,FALSE,-49.1950661340707
0.16,0.16,FALSE,-19.732161165568
0.16,0.16,TRUE,8.08198124131013
0.16,0.16,FALSE,-1.44888657197225
0.16,0.16,FALSE,-2.74502275391205
0.16,0.16,FALSE,-3.40322159663265
0.16,0.16,FALSE,-9.34060831610259
0.16,0.16,FALSE,-6.75292754470502
0.16,0.16,FALSE,-12.290281797319
0.16,0.16,FALSE,-7.42547601894694
0.16,0.16,FALSE,-11.3358475114183
0.16,0.16,FALSE,-0.343989880271693
0.16,0.16,FALSE,-19.5733905911693
0.16,0.16,FALSE,-11.6845062203538
0.16,0.16,TRUE,6.43777306901029
0.16,0.16,FALSE,-1.74908884966135
0.16,0.16,FALSE,-47.6685786613889
0.16,0.16,FALSE,-27.0329211204407
0.16,0.16,FALSE,-17.4479733544649
0.16,0.16,TRUE,10.4368508534135
0.16,0.16,FALSE,-15.3619413827801
0.16,0.16,FALSE,-12.773575279025
0.16,0.16,FALSE,-13.1187079809752
0.16,0.16,FALSE,-14.3538493218475
0.16,0.16,FALSE,-22.6711828738153
0.16,0.16,TRUE,3.8272930133171
0.16,0.16,FALSE,-9.50031601251612
0.16,0.16,FALSE,-39.6594083044874
0.17,0.17,FALSE,-33.4680504537537
0.17,0.17,FALSE,-18.7370460198435
0.17,0.17,FALSE,-11.059325567825
0.17,0.17,TRUE,3.32358582503002
0.17,0.17,FALSE,-19.9472046285664
0.17,0.17,FALSE,-5.07787092653598
0.17,0.17,FALSE,-7.75785114094106
0.17,0.17,FALSE,-14.4553676595897
0.17,0.17,FALSE,-12.7167320630942
0.17,0.17,FALSE,-2.64951966010631
0.17,0.17,FALSE,-19.3706432264371
0.17,0.17,FALSE,-6.29294349829433
0.17,0.17,FALSE,-12.5630103134172
0.17,0.17,FALSE,-16.3019007096009
0.17,0.17,FALSE,-0.823133523314027
0.17,0.17,FALSE,-32.8319838012139
0.17,0.17,FALSE,-17.3001348569778
0.17,0.17,FALSE,-16.879668064099
0.17,0.17,FALSE,-7.45046423608801
0.17,0.17,FALSE,-1.34898660802719
0.17,0.17,FALSE,-11.1705489219894
0.17,0.17,FALSE,-0.962838751227537
0.17,0.17,FALSE,-28.9785975257619
0.17,0.17,TRUE,2.56905286491747
0.17,0.17,FALSE,-34.2580303818395
0.17,0.17,FALSE,-14.5051565086942
0.17,0.17,TRUE,2.53610288030904
0.17,0.17,FALSE,-2.60491052779253
0.17,0.17,FALSE,-19.4361125244941
0.17,0.17,FALSE,-10.9613394488151
0.17,0.17,FALSE,-21.1411400842189
0.17,0.17,FALSE,-22.2934831770544
0.17,0.17,FALSE,-10.4605099875662
0.17,0.17,FALSE,-0.595757196966588
0.17,0.17,FALSE,-37.7215277660252
0.17,0.17,TRUE,10.161435348793
0.17,0.17,FALSE,-39.6693221567111
0.17,0.17,FALSE,-14.5899334286623
0.17,0.17,FALSE,-4.05946860512631
0.17,0.17,FALSE,-0.542432162743353
0.17,0.17,FALSE,-0.264145329172607
0.17,0.17,FALSE,-11.7549681207529
0.17,0.17,TRUE,8.12664525427317
0.17,0.17,FALSE,-0.856438088187133
0.17,0.17,FALSE,-13.4984913763874
0.17,0.17,FALSE,-7.37297581037637
0.17,0.17,FALSE,-4.46332130880182
0.17,0.17,FALSE,-5.50724137336874
0.17,0.17,FALSE,-23.9394234592692
0.17,0.17,FALSE,-15.2004894190686
0.18,0.18,FALSE,-10.921945184662
0.18,0.18,TRUE,3.61369210831617
0.18,0.18,FALSE,-9.60461745674547
0.18,0.18,FALSE,-16.9665939980187
0.18,0.18,FALSE,-4.84661091097951
0.18,0.18,FALSE,-7.27204821845589
0.18,0.18,TRUE,6.40417430820889
0.18,0.18,FALSE,-11.3750989559485
0.18,0.18,FALSE,-6.87137103920031
0.18,0.18,TRUE,4.1301459231654
0.18,0.18,TRUE,7.11528992213061
0.18,0.18,FALSE,-9.23624477304475
0.18,0.18,FALSE,-7.67400939965955
0.18,0.18,TRUE,7.61038809018282
0.18,0.18,FALSE,-12.9534409785047
0.18,0.18,TRUE,6.483753779572
0.18,0.18,FALSE,-4.90120586338526
0.18,0.18,FALSE,-16.4335835296879
0.18,0.18,TRUE,1.95311029507138
0.18,0.18,FALSE,-7.21786531594626
0.18,0.18,FALSE,-5.55807786166042
0.18,0.18,TRUE,4.00577135885032
0.18,0.18,FALSE,-29.9485192373904
0.18,0.18,FALSE,-0.474883922819572
0.18,0.18,TRUE,0.555271842273214
0.18,0.18,FALSE,-15.25737300951
0.18,0.18,FALSE,-6.97335489056422
0.18,0.18,FALSE,-24.4911694322545
0.18,0.18,FALSE,-4.98873110100249
0.18,0.18,TRUE,6.18743573012762
0.18,0.18,FALSE,-13.836019411021
0.18,0.18,FALSE,-38.2136412436084
0.18,0.18,FALSE,-6.33350482793321
0.18,0.18,FALSE,-35.7331537419086
0.18,0.18,FALSE,-14.020825602176
0.18,0.18,TRUE,5.24070151126944
0.18,0.18,FALSE,-27.653921406436
0.18,0.18,FALSE,-8.47326702102146
0.18,0.18,FALSE,-18.3977669258602
0.18,0.18,FALSE,-10.8089259970948
0.18,0.18,FALSE,-9.14711105775132
0.18,0.18,FALSE,-14.8584319701731
0.18,0.18,FALSE,-7.39342844455678
0.18,0.18,FALSE,-10.0334445789886
0.18,0.18,FALSE,-17.8202784324458
0.18,0.18,FALSE,-21.2316864301756
0.18,0.18,FALSE,-7.6965031221298
0.18,0.18,FALSE,-12.1210532836958
0.18,0.18,FALSE,-1.76200829346271
0.18,0.18,FALSE,-26.5222068511321
0.19,0.19,FALSE,-12.4749531114794
0.19,0.19,FALSE,-1.66402196291529
0.19,0.19,TRUE,4.80181981093119
0.19,0.19,FALSE,-13.8806298782183
0.19,0.19,FALSE,-6.02705230925858
0.19,0.19,FALSE,-24.3258796563896
0.19,0.19,FALSE,-15.1711626936485
0.19,0.19,FALSE,-32.6428909556635
0.19,0.19,FALSE,-5.11137163023159
0.19,0.19,FALSE,-25.5026011742157
0.19,0.19,FALSE,-3.84766615810804
0.19,0.19,FALSE,-13.4643503820735
0.19,0.19,FALSE,-4.48418381085139
0.19,0.19,FALSE,-0.335647206593421
0.19,0.19,TRUE,8.49691404513942
0.19,0.19,FALSE,-5.65702628986037
0.19,0.19,FALSE,-8.80876683848692
0.19,0.19,FALSE,-17.7010874173211
0.19,0.19,FALSE,-22.1715908259903
0.19,0.19,TRUE,5.8756524472592
0.19,0.19,FALSE,-5.64308980314308
0.19,0.19,TRUE,5.14548236185146
0.19,0.19,FALSE,-2.59845480744116
0.19,0.19,FALSE,-6.80752437541378
0.19,0.19,FALSE,-19.703182960242
0.19,0.19,FALSE,-6.64963277791685
0.19,0.19,FALSE,-27.3409728428232
0.19,0.19,FALSE,-22.4563269820865
0.19,0.19,TRUE,1.64113616426403
0.19,0.19,TRUE,9.88040517630361
0.19,0.19,FALSE,-27.7729693576803
0.19,0.19,FALSE,-4.9811786749051
0.19,0.19,FALSE,-20.9953290284357
0.19,0.19,FALSE,-29.4489313080958
0.19,0.19,FALSE,-25.760264970304
0.19,0.19,FALSE,-35.6709001133968
0.19,0.19,FALSE,-12.751874856669
0.19,0.19,TRUE,0.87201313800324
0.19,0.19,FALSE,-16.4897355840549
0.19,0.19,FALSE,-1.38098747292679
0.19,0.19,TRUE,3.76269985472391
0.19,0.19,FALSE,-5.87894851286183
0.19,0.19,FALSE,-1.57747305864177
0.19,0.19,FALSE,-28.6853943632741
0.19,0.19,FALSE,-15.6478443790693
0.19,0.19,FALSE,-18.5244769991186
0.19,0.19,TRUE,2.47120058565633
0.19,0.19,FALSE,-41.0589479742193
0.19,0.19,FALSE,-4.30018316227142
0.19,0.19,TRUE,2.40468509527273
0.2,0.2,TRUE,2.39150803667144
0.2,0.2,TRUE,4.20845227096288
0.2,0.2,FALSE,-48.5972225550868
0.2,0.2,TRUE,2.76931154120393
0.2,0.2,FALSE,-6.91829520724423
0.2,0.2,FALSE,-6.97722438238998
0.2,0.2,FALSE,-20.8507667285739
0.2,0.2,TRUE,2.47651395528374
0.2,0.2,FALSE,-20.8284278265601
0.2,0.2,TRUE,3.93002371783223
0.2,0.2,FALSE,-2.99776144707721
0.2,0.2,FALSE,-9.52616277995912
0.2,0.2,TRUE,6.32096284341242
0.2,0.2,FALSE,-14.0092152221841
0.2,0.2,FALSE,-3.00249017817987
0.2,0.2,FALSE,-7.00840329053972
0.2,0.2,FALSE,-1.02318271372133
0.2,0.2,FALSE,-16.9646914500008
0.2,0.2,TRUE,2.04656656115549
0.2,0.2,FALSE,-9.39872187371293
0.2,0.2,FALSE,-15.0761959370393
0.2,0.2,TRUE,3.52019310104151
0.2,0.2,FALSE,-4.13866632915597
0.2,0.2,FALSE,-17.2454161219648
0.2,0.2,TRUE,4.52156686882154
0.2,0.2,FALSE,-26.7870943343805
0.2,0.2,TRUE,1.77589778739275
0.2,0.2,FALSE,-0.845983621995401
0.2,0.2,TRUE,2.77526455447878
0.2,0.2,FALSE,-7.51695249141267
0.2,0.2,FALSE,-24.3570529002245
0.2,0.2,FALSE,-20.0923980476655
0.2,0.2,FALSE,-11.5554637657333
0.2,0.2,FALSE,-7.61192714346544
0.2,0.2,TRUE,2.44458616289194
0.2,0.2,TRUE,4.47555410069253
0.2,0.2,FALSE,-17.6494539363594
0.2,0.2,FALSE,-9.87340856632363
0.2,0.2,TRUE,0.401214083387458
0.2,0.2,FALSE,-26.3680895824837
0.2,0.2,FALSE,-6.91133262720177
0.2,0.2,FALSE,-13.5219718779263
0.2,0.2,FALSE,-16.0909670363399
0.2,0.2,FALSE,-2.29865843800144
0.2,0.2,FALSE,-14.8393665846997
0.2,0.2,FALSE,-1.67722706827408
0.2,0.2,TRUE,4.70703096239595
0.2,0.2,FALSE,-10.6635138947859
0.2,0.2,FALSE,-1.12543861565428
0.2,0.2,FALSE,-25.8375205372395
0.21,0.21,FALSE,-20.6423147449932
0.21,0.21,FALSE,-25.7525169238688
0.21,0.21,TRUE,8.90566255048907
0.21,0.21,FALSE,-0.69345446999796
0.21,0.21,FALSE,-7.0616657684659
0.21,0.21,TRUE,21.572871611108
0.21,0.21,TRUE,1.44573456633225
0.21,0.21,FALSE,-9.17938146678352
0.21,0.21,FALSE,-33.1443097142001
0.21,0.21,FALSE,-7.6635724271764
0.21,0.21,TRUE,7.95444065996708
0.21,0.21,FALSE,-7.06382873981784
0.21,0.21,FALSE,-3.55763460423623
0.21,0.21,FALSE,-8.86575887834988
0.21,0.21,FALSE,-7.03072439712923
0.21,0.21,FALSE,-16.3808652676671
0.21,0.21,FALSE,-16.5436437482567
0.21,0.21,TRUE,6.46230385364106
0.21,0.21,TRUE,4.28572987723601
0.21,0.21,FALSE,-21.3714462856733
0.21,0.21,FALSE,-1.19949089103102
0.21,0.21,FALSE,-19.6407915011587
0.21,0.21,FALSE,-13.7155870740753
0.21,0.21,FALSE,-11.3879555542298
0.21,0.21,FALSE,-14.218323728739
0.21,0.21,FALSE,-18.283273816618
0.21,0.21,TRUE,0.80839562665642
0.21,0.21,FALSE,-20.051969894379
0.21,0.21,TRUE,6.90396134155526
0.21,0.21,FALSE,-3.63864575618209
0.21,0.21,FALSE,-14.8203264324366
0.21,0.21,FALSE,-1.7418859012505
0.21,0.21,FALSE,-14.2823465967122
0.21,0.21,FALSE,-12.82683878854
0.21,0.21,FALSE,-14.5138943286838
0.21,0.21,FALSE,-2.97954010863396
0.21,0.21,FALSE,-19.5535411448291
0.21,0.21,FALSE,-4.3236979159301
0.21,0.21,FALSE,-19.5538121423706
0.21,0.21,FALSE,-20.6806954991553
0.21,0.21,TRUE,9.35366275305933
0.21,0.21,FALSE,-7.85819320524388
0.21,0.21,FALSE,-27.2967187803988
0.21,0.21,FALSE,-17.5888655395611
0.21,0.21,FALSE,-13.3282815552448
0.21,0.21,TRUE,0.250009375038644
0.21,0.21,FALSE,-3.22609992566868
0.21,0.21,FALSE,-25.1127927387497
0.21,0.21,TRUE,3.38967004273218
0.21,0.21,FALSE,-20.3911012896315
0.22,0.22,FALSE,-5.52258945790891
0.22,0.22,FALSE,-4.80888508330099
0.22,0.22,FALSE,-14.8656428347749
0.22,0.22,FALSE,-14.5002448226624
0.22,0.22,FALSE,-7.10869280940096
0.22,0.22,FALSE,-18.0644934248703
0.22,0.22,FALSE,-10.0450844541956
0.22,0.22,FALSE,-28.6126796105273
0.22,0.22,FALSE,-9.62682484797187
0.22,0.22,FALSE,-19.668487657018
0.22,0.22,FALSE,-11.8386966672042
0.22,0.22,TRUE,4.43556060340779
0.22,0.22,FALSE,-3.96096526473411
0.22,0.22,TRUE,12.2157422057207
0.22,0.22,TRUE,2.78649607337502
0.22,0.22,FALSE,-19.4176446554666
0.22,0.22,FALSE,-17.949227786663
0.22,0.22,FALSE,-1.91864723318577
0.22,0.22,FALSE,-7.74524120689239
0.22,0.22,FALSE,-9.46756605781775
0.22,0.22,FALSE,-14.4802184148866
0.22,0.22,TRUE,13.4927325498065
0.22,0.22,TRUE,14.1517973769514
0.22,0.22,FALSE,-23.7164800135979
0.22,0.22,TRUE,0.0957279515896516
0.22,0.22,FALSE,-23.1906774485542
0.22,0.22,FALSE,-7.16156780017627
0.22,0.22,FALSE,-11.5126549446868
0.22,0.22,FALSE,-4.63197999950353
0.22,0.22,FALSE,-9.37450720875495
0.22,0.22,TRUE,0.802255327624152
0.22,0.22,FALSE,-33.0009223797824
0.22,0.22,FALSE,-16.0411202417818
0.22,0.22,FALSE,-1.26675209396126
0.22,0.22,FALSE,-0.58811021299698
0.22,0.22,FALSE,-14.2998216067062
0.22,0.22,FALSE,-16.3254913229976
0.22,0.22,FALSE,-4.46483389393688
0.22,0.22,FALSE,-2.5593110719019
0.22,0.22,FALSE,-37.5004104823674
0.22,0.22,FALSE,-61.6599992119554
0.22,0.22,TRUE,0.514419391187403
0.22,0.22,FALSE,-30.7543764472975
0.22,0.22,TRUE,2.80281128505158
0.22,0.22,TRUE,11.8286269283926
0.22,0.22,TRUE,0.654448589630192
0.22,0.22,FALSE,-7.22805863096073
0.22,0.22,FALSE,-12.5641286360515
0.22,0.22,TRUE,0.846221567473549
0.22,0.22,FALSE,-8.98098297650358
0.23,0.23,FALSE,-23.1944804781342
0.23,0.23,FALSE,-24.7349730927017
0.23,0.23,FALSE,-3.98804096248568
0.23,0.23,TRUE,1.99848748640943
0.23,0.23,FALSE,-13.1401525919828
0.23,0.23,FALSE,-4.17247057275381
0.23,0.23,TRUE,10.5685685788485
0.23,0.23,FALSE,-28.3857653275663
0.23,0.23,TRUE,9.56409062899911
0.23,0.23,FALSE,-10.1767144671139
0.23,0.23,FALSE,-7.8255338964409
0.23,0.23,FALSE,-26.1314623558028
0.23,0.23,FALSE,-4.60160497911784
0.23,0.23,TRUE,1.18414288935674
0.23,0.23,FALSE,-9.45631363465145
0.23,0.23,FALSE,-1.89825966770877
0.23,0.23,FALSE,-0.163399533110351
0.23,0.23,FALSE,-8.15117613737675
0.23,0.23,FALSE,-28.2090570386026
0.23,0.23,TRUE,14.8297200173874
0.23,0.23,FALSE,-24.3909656142969
0.23,0.23,FALSE,-12.0497724584056
0.23,0.23,TRUE,6.32710141123607
0.23,0.23,FALSE,-14.9044081064676
0.23,0.23,FALSE,-10.4839526371579
0.23,0.23,FALSE,-34.920964115001
0.23,0.23,FALSE,-3.63533580001967
0.23,0.23,FALSE,-4.2967907851089
0.23,0.23,FALSE,-4.13842019927324
0.23,0.23,FALSE,-11.5696356289664
0.23,0.23,FALSE,-8.6461415558224
0.23,0.23,FALSE,-14.7813388469222
0.23,0.23,TRUE,7.74067815376839
0.23,0.23,TRUE,11.9997578114235
0.23,0.23,FALSE,-40.5437314210358
0.23,0.23,TRUE,6.65141893626787
0.23,0.23,FALSE,-21.8720489855259
0.23,0.23,FALSE,-10.3251848975342
0.23,0.23,TRUE,4.38069933155566
0.23,0.23,TRUE,0.36761410193867
0.23,0.23,FALSE,-5.29691672483023
0.23,0.23,FALSE,-17.8126195698715
0.23,0.23,FALSE,-9.55103995494937
0.23,0.23,FALSE,-34.3775722365135
0.23,0.23,TRUE,1.1009783951049
0.23,0.23,FALSE,-0.596788421549718
0.23,0.23,FALSE,-25.1821657572837
0.23,0.23,TRUE,10.2957895743566
0.23,0.23,TRUE,3.4564258941391
0.23,0.23,FALSE,-16.9818462343028
0.24,0.24,FALSE,-0.874959177828714
0.24,0.24,FALSE,-4.73813090344265
0.24,0.24,TRUE,24.2827996670858
0.24,0.24,FALSE,-0.477032553699246
0.24,0.24,TRUE,14.882559362577
0.24,0.24,FALSE,-7.23920472617465
0.24,0.24,TRUE,6.09976761853977
0.24,0.24,FALSE,-10.8392223773553
0.24,0.24,FALSE,-8.74500853273275
0.24,0.24,FALSE,-9.74306764848734
0.24,0.24,FALSE,-44.377061029667
0.24,0.24,FALSE,-5.18591460111929
0.24,0.24,FALSE,-12.7332237020164
0.24,0.24,FALSE,-5.76439821261738
0.24,0.24,FALSE,-17.5496916621159
0.24,0.24,FALSE,-6.5628346841404
0.24,0.24,FALSE,-11.7106942623541
0.24,0.24,FALSE,-2.31084120688683
0.24,0.24,FALSE,-1.8072876812148
0.24,0.24,TRUE,3.45079817261649
0.24,0.24,FALSE,-13.170639101525
0.24,0.24,FALSE,-2.98801256529623
0.24,0.24,TRUE,4.72940968745752
0.24,0.24,TRUE,3.36522177821098
0.24,0.24,FALSE,-26.2362056855854
0.24,0.24,TRUE,11.1288635989622
0.24,0.24,FALSE,-21.4745961409462
0.24,0.24,TRUE,21.1192587848382
0.24,0.24,FALSE,-2.93329549097325
0.24,0.24,FALSE,-18.1463698860643
0.24,0.24,TRUE,3.2886779235123
0.24,0.24,FALSE,-14.9748104852297
0.24,0.24,FALSE,-12.6484999323511
0.24,0.24,FALSE,-1.47635033200277
0.24,0.24,FALSE,-13.7704007697939
0.24,0.24,TRUE,9.2432251646751
0.24,0.24,FALSE,-10.2082532515997
0.24,0.24,TRUE,9.48211623426323
0.24,0.24,FALSE,-19.4304512477283
0.24,0.24,TRUE,0.105896662036685
0.24,0.24,FALSE,-2.26016532068388
0.24,0.24,FALSE,-11.3572802082126
0.24,0.24,FALSE,-5.60609231556737
0.24,0.24,FALSE,-1.34015569619442
0.24,0.24,FALSE,-11.2551376594602
0.24,0.24,FALSE,-5.68261115037967
0.24,0.24,FALSE,-10.1931622801094
0.24,0.24,FALSE,-9.45265918380028
0.24,0.24,TRUE,10.6880871622016
0.24,0.24,FALSE,-11.8257369270941
0.25,0.25,FALSE,-8.64091910876232
0.25,0.25,TRUE,4.06794918323794
0.25,0.25,FALSE,-15.4344039911994
0.25,0.25,TRUE,8.72917148012493
0.25,0.25,FALSE,-4.10012753656702
0.25,0.25,TRUE,7.6616627369076
0.25,0.25,FALSE,-17.8933193615521
0.25,0.25,FALSE,-10.8655130004845
0.25,0.25,FALSE,-11.2403100455413
0.25,0.25,FALSE,-17.5532913296302
0.25,0.25,FALSE,-19.1647720889596
0.25,0.25,FALSE,-2.39420280943159
0.25,0.25,FALSE,-7.57166275225609
0.25,0.25,TRUE,5.64985294047074
0.25,0.25,FALSE,-24.9045945170546
0.25,0.25,TRUE,6.99651297082892
0.25,0.25,FALSE,-4.04845075065896
0.25,0.25,FALSE,-4.1290107435525
0.25,0.25,TRUE,6.0273879630513
0.25,0.25,FALSE,-13.2634378203293
0.25,0.25,FALSE,-8.48501236813536
0.25,0.25,TRUE,9.15591929907168
0.25,0.25,FALSE,-2.19977698025832
0.25,0.25,FALSE,-15.7665896565886
0.25,0.25,FALSE,-2.89314835554615
0.25,0.25,TRUE,1.93326538883412
0.25,0.25,FALSE,-1.19032146297104
0.25,0.25,FALSE,-22.9806126603362
0.25,0.25,FALSE,-5.76920890603651
0.25,0.25,FALSE,-9.54756813045606
0.25,0.25,TRUE,0.0164558438591484
0.25,0.25,TRUE,9.61400049063377
0.25,0.25,FALSE,-11.3826611912482
0.25,0.25,FALSE,-11.7254949062626
0.25,0.25,FALSE,-0.388723647338338
0.25,0.25,FALSE,-12.5965703369329
0.25,0.25,TRUE,4.48405696178452
0.25,0.25,FALSE,-10.6069676195839
0.25,0.25,FALSE,-5.85643743977562
0.25,0.25,TRUE,15.3372750612361
0.25,0.25,FALSE,-37.111752328914
0.25,0.25,TRUE,1.75205338477099
0.25,0.25,FALSE,-16.2368076567291
0.25,0.25,TRUE,13.990452899041
0.25,0.25,FALSE,-14.9167726046471
0.25,0.25,FALSE,-0.845333643777849
0.25,0.25,TRUE,22.9319333975036
0.25,0.25,FALSE,-15.8299934679962
0.25,0.25,FALSE,-22.841180227766
0.25,0.25,TRUE,9.43977020823149
0.26,0.26,TRUE,9.74280635983087
0.26,0.26,TRUE,2.32999176407247
0.26,0.26,FALSE,-12.8096470949313
0.26,0.26,FALSE,-4.77569413764286
0.26,0.26,FALSE,-1.43964598876846
0.26,0.26,FALSE,-1.81943768514247
0.26,0.26,FALSE,-6.96248987505896
0.26,0.26,TRUE,7.39348160801455
0.26,0.26,FALSE,-12.8635215669347
0.26,0.26,FALSE,-0.147660439444735
0.26,0.26,TRUE,12.5808430555335
0.26,0.26,FALSE,-13.8746527749645
0.26,0.26,FALSE,-4.05614542173862
0.26,0.26,FALSE,-14.5582976842088
0.26,0.26,FALSE,-15.3536069059628
0.26,0.26,FALSE,-5.6261911921647
0.26,0.26,TRUE,2.00119016467579
0.26,0.26,FALSE,-9.6820402180565
0.26,0.26,FALSE,-13.5504612181649
0.26,0.26,FALSE,-5.20494339544894
0.26,0.26,FALSE,-10.4782299966064
0.26,0.26,TRUE,15.8225037520824
0.26,0.26,FALSE,-4.56351410135903
0.26,0.26,FALSE,-5.33195432218781
0.26,0.26,FALSE,-9.36821735812919
0.26,0.26,FALSE,-7.57068550204713
0.26,0.26,FALSE,-15.0258197159346
0.26,0.26,TRUE,1.90730208032619
0.26,0.26,FALSE,-5.71747911247803
0.26,0.26,FALSE,-6.06207376992825
0.26,0.26,FALSE,-5.97367249997842
0.26,0.26,FALSE,-9.06245999053863
0.26,0.26,FALSE,-26.9529786626736
0.26,0.26,FALSE,-4.59855201116807
0.26,0.26,TRUE,3.00489293703868
0.26,0.26,TRUE,1.43456947081722
0.26,0.26,FALSE,-10.5997612152787
0.26,0.26,TRUE,15.6209958466134
0.26,0.26,FALSE,-10.8391057538647
0.26,0.26,TRUE,3.71686464219965
0.26,0.26,FALSE,-11.7641052298495
0.26,0.26,FALSE,-2.56192401759472
0.26,0.26,TRUE,1.85032204182789
0.26,0.26,TRUE,14.168307891221
0.26,0.26,TRUE,0.804913195715926
0.26,0.26,FALSE,-17.3550465717308
0.26,0.26,FALSE,-7.15248527537915
0.26,0.26,FALSE,-3.25176952086622
0.26,0.26,TRUE,17.9500813616069
0.26,0.26,FALSE,-5.39829431458202
0.27,0.27,TRUE,0.0698670649508131
0.27,0.27,FALSE,-21.9864256241708
0.27,0.27,TRUE,6.2621609182097
0.27,0.27,TRUE,18.4098120391718
0.27,0.27,FALSE,-10.2737901851397
0.27,0.27,TRUE,10.5350473562175
0.27,0.27,TRUE,1.14344321482349
0.27,0.27,FALSE,-7.36668593226204
0.27,0.27,FALSE,-10.4864493801651
0.27,0.27,TRUE,0.249414269219415
0.27,0.27,FALSE,-8.81917069677365
0.27,0.27,FALSE,-6.4734735665188
0.27,0.27,TRUE,3.92266593208115
0.27,0.27,FALSE,-1.45395820437625
0.27,0.27,FALSE,-3.88754229959886
0.27,0.27,FALSE,-17.3276903697661
0.27,0.27,FALSE,-7.77351866891331
0.27,0.27,FALSE,-15.0758992734955
0.27,0.27,FALSE,-1.98902409891525
0.27,0.27,TRUE,8.06749244392995
0.27,0.27,TRUE,2.42685059852738
0.27,0.27,FALSE,-2.81598251012474
0.27,0.27,FALSE,-13.9685061264354
0.27,0.27,FALSE,-1.72570731561791
0.27,0.27,FALSE,-13.5432855863182
0.27,0.27,FALSE,-13.8114124299464
0.27,0.27,TRUE,3.97789281100631
0.27,0.27,FALSE,-5.75920755411425
0.27,0.27,FALSE,-17.6437431829181
0.27,0.27,FALSE,-16.364720919184
0.27,0.27,TRUE,2.03027819497947
0.27,0.27,TRUE,3.24557115996504
0.27,0.27,FALSE,-14.8797039184719
0.27,0.27,TRUE,12.0080010260099
0.27,0.27,FALSE,-6.08925965659364
0.27,0.27,TRUE,22.2326780867916
0.27,0.27,FALSE,-21.7872222782098
0.27,0.27,TRUE,9.9803963837403
0.27,0.27,FALSE,-15.806826591448
0.27,0.27,TRUE,15.5896407817127
0.27,0.27,FALSE,-7.96667570091086
0.27,0.27,FALSE,-25.7063736969722
0.27,0.27,FALSE,-8.36466770533661
0.27,0.27,FALSE,-36.8533279523363
0.27,0.27,TRUE,1.2969477957995
0.27,0.27,TRUE,4.94368404629495
0.27,0.27,FALSE,-4.35963563173937
0.27,0.27,TRUE,25.2245677818282
0.27,0.27,FALSE,-2.91420482499598
0.27,0.27,TRUE,31.3292829303246
0.28,0.28,FALSE,-5.98019400430712
0.28,0.28,FALSE,-5.86348252489915
0.28,0.28,FALSE,-12.8566723760523
0.28,0.28,TRUE,10.8150699895741
0.28,0.28,FALSE,-58.3560058707262
0.28,0.28,FALSE,-1.40992641734192
0.28,0.28,FALSE,-12.0009554384378
0.28,0.28,FALSE,-14.6601879152222
0.28,0.28,TRUE,1.90062158399451
0.28,0.28,TRUE,0.600496167418896
0.28,0.28,FALSE,-1.00727036142416
0.28,0.28,TRUE,2.90628535848373
0.28,0.28,FALSE,-11.8628973647319
0.28,0.28,FALSE,-26.3294931240707
0.28,0.28,FALSE,-10.4624539453507
0.28,0.28,FALSE,-4.75012471496302
0.28,0.28,TRUE,7.05405739426351
0.28,0.28,FALSE,-13.8125257448773
0.28,0.28,TRUE,0.791942671457946
0.28,0.28,FALSE,-6.64639407964569
0.28,0.28,FALSE,-7.27437555794677
0.28,0.28,TRUE,2.18030961302793
0.28,0.28,FALSE,-6.43900022876187
0.28,0.28,TRUE,6.45362427213695
0.28,0.28,FALSE,-30.604617121815
0.28,0.28,FALSE,-7.29176009006187
0.28,0.28,FALSE,-14.5963383806848
0.28,0.28,FALSE,-5.79207787992709
0.28,0.28,TRUE,15.6364429731293
0.28,0.28,FALSE,-21.2046371464749
0.28,0.28,FALSE,-3.05565999402825
0.28,0.28,TRUE,18.6482936488464
0.28,0.28,TRUE,8.32088903986005
0.28,0.28,FALSE,-3.42989462900005
0.28,0.28,FALSE,-6.24603181254133
0.28,0.28,TRUE,16.2248205378273
0.28,0.28,TRUE,0.871070159962983
0.28,0.28,FALSE,-29.9793999627909
0.28,0.28,FALSE,-4.04555919614722
0.28,0.28,FALSE,-17.2930273083184
0.28,0.28,FALSE,-11.2940769929701
0.28,0.28,TRUE,3.97182666927984
0.28,0.28,TRUE,22.6907018942802
0.28,0.28,TRUE,0.491821546111169
0.28,0.28,FALSE,-9.9461434719924
0.28,0.28,TRUE,3.45128395540814
0.28,0.28,TRUE,2.28186607918542
0.28,0.28,FALSE,-10.3891811641297
0.28,0.28,TRUE,6.64928208965648
0.28,0.28,FALSE,-19.4082867557117
0.29,0.29,FALSE,-13.1119428525017
0.29,0.29,FALSE,-9.40452958966853
0.29,0.29,FALSE,-14.721448711527
0.29,0.29,FALSE,-23.3014643408897
0.29,0.29,TRUE,2.46173756166172
0.29,0.29,FALSE,-6.39002336932026
0.29,0.29,FALSE,-19.5195579796236
0.29,0.29,TRUE,15.9251896637834
0.29,0.29,FALSE,-27.4423104076559
0.29,0.29,FALSE,-0.797892437287373
0.29,0.29,FALSE,-25.5164436271516
0.29,0.29,TRUE,8.47876308007835
0.29,0.29,TRUE,5.69004331341785
0.29,0.29,TRUE,1.81533250945722
0.29,0.29,FALSE,-28.4277769227301
0.29,0.29,TRUE,4.3769678689896
0.29,0.29,FALSE,-4.64881752896326
0.29,0.29,TRUE,8.31283199574318
0.29,0.29,TRUE,11.1870290083571
0.29,0.29,TRUE,1.33372386127303
0.29,0.29,FALSE,-16.908054714364
0.29,0.29,FALSE,-2.66394887720526
0.29,0.29,FALSE,-12.0756249907317
0.29,0.29,FALSE,-7.65346437221524
0.29,0.29,FALSE,-10.362092045496
0.29,0.29,TRUE,10.104975619277
0.29,0.29,FALSE,-8.7219829083042
0.29,0.29,FALSE,-29.6964924245876
0.29,0.29,FALSE,-4.81544200870849
0.29,0.29,FALSE,-12.364953753593
0.29,0.29,TRUE,1.91361265181695
0.29,0.29,FALSE,-21.623240867837
0.29,0.29,TRUE,9.70851566790952
0.29,0.29,TRUE,1.26965700418077
0.29,0.29,TRUE,17.1061317667445
0.29,0.29,FALSE,-27.2457928683471
0.29,0.29,FALSE,-5.80286909417919
0.29,0.29,TRUE,1.91880762398432
0.29,0.29,TRUE,0.671525861696864
0.29,0.29,FALSE,-7.28571317940441
0.29,0.29,TRUE,4.09040269821344
0.29,0.29,FALSE,-23.3958574098579
0.29,0.29,FALSE,-1.17375140042714
0.29,0.29,TRUE,1.50823735327504
0.29,0.29,FALSE,-12.3976695282799
0.29,0.29,TRUE,0.956532760079426
0.29,0.29,TRUE,14.6785799788995
0.29,0.29,TRUE,1.23492921578872
0.29,0.29,TRUE,2.53514260964948
0.29,0.29,FALSE,-5.38275155609153
0.3,0.3,FALSE,-11.7240751677891
0.3,0.3,FALSE,-18.4086670851648
0.3,0.3,FALSE,-24.2824957579287
0.3,0.3,FALSE,-36.9435045017453
0.3,0.3,FALSE,-3.4838919431968
0.3,0.3,FALSE,-3.96931353779291
0.3,0.3,FALSE,-17.954521213629
0.3,0.3,TRUE,1.43109982415262
0.3,0.3,FALSE,-0.942561027302872
0.3,0.3,FALSE,-1.52915996535739
0.3,0.3,FALSE,-6.39100755915206
0.3,0.3,TRUE,4.14573516269229
0.3,0.3,TRUE,7.18019418344556
0.3,0.3,FALSE,-1.97458488945267
0.3,0.3,FALSE,-2.7562858832498
0.3,0.3,FALSE,-1.28244277340855
0.3,0.3,FALSE,-18.0731458631926
0.3,0.3,FALSE,-13.391957575077
0.3,0.3,FALSE,-9.6843995375275
0.3,0.3,FALSE,-12.8648982149207
0.3,0.3,FALSE,-12.456617305641
0.3,0.3,FALSE,-2.54579660050877
0.3,0.3,FALSE,-7.6446190786628
0.3,0.3,FALSE,-12.1000178512913
0.3,0.3,TRUE,9.0876649375823
0.3,0.3,FALSE,-22.0176960207682
0.3,0.3,TRUE,2.76762351782236
0.3,0.3,FALSE,-1.61413522606017
0.3,0.3,FALSE,-29.6382243629087
0.3,0.3,TRUE,4.38686213315304
0.3,0.3,FALSE,-4.39863189254902
0.3,0.3,FALSE,-8.13698154807571
0.3,0.3,FALSE,-9.23131012558588
0.3,0.3,TRUE,11.1454157231565
0.3,0.3,TRUE,3.56911068840054
0.3,0.3,FALSE,-20.0907942235026
0.3,0.3,FALSE,-11.9783890121071
0.3,0.3,FALSE,-11.9538907402239
0.3,0.3,FALSE,-31.3488570455229
0.3,0.3,TRUE,1.10870481784514
0.3,0.3,TRUE,13.2906218406461
0.3,0.3,TRUE,6.36571736943733
0.3,0.3,FALSE,-5.00384555273922
0.3,0.3,FALSE,-7.08364154017909
0.3,0.3,TRUE,4.16844133110135
0.3,0.3,TRUE,3.58813054499115
0.3,0.3,FALSE,-5.39904859379749
0.3,0.3,FALSE,-3.39660829025524
0.3,0.3,FALSE,-10.6185573822659
0.3,0.3,TRUE,1.19455042678237
0.31,0.31,TRUE,2.37531723047869
0.31,0.31,FALSE,-2.11309183621415
0.31,0.31,FALSE,-4.620230220331
0.31,0.31,TRUE,2.09464358765763
0.31,0.31,TRUE,3.20064934249604
0.31,0.31,TRUE,0.296199978954974
0.31,0.31,FALSE,-9.23807826140546
0.31,0.31,FALSE,-0.00665584961825516
0.31,0.31,FALSE,-9.7368736229364
0.31,0.31,TRUE,26.1399392860112
0.31,0.31,TRUE,30.0745851259126
0.31,0.31,TRUE,12.5634482462992
0.31,0.31,TRUE,15.2078588188851
0.31,0.31,FALSE,-5.00067982256951
0.31,0.31,FALSE,-5.81468631350072
0.31,0.31,FALSE,-17.1242935829214
0.31,0.31,FALSE,-7.83351131945165
0.31,0.31,TRUE,3.8209071498859
0.31,0.31,FALSE,-3.00884234865953
0.31,0.31,TRUE,30.6370172211828
0.31,0.31,TRUE,0.769704419104528
0.31,0.31,TRUE,4.74714009339732
0.31,0.31,FALSE,-6.73189925936094
0.31,0.31,FALSE,-3.29378929405357
0.31,0.31,FALSE,-3.46264464641717
0.31,0.31,TRUE,14.8645756680271
0.31,0.31,FALSE,-7.13701859744469
0.31,0.31,TRUE,19.4328839261289
0.31,0.31,FALSE,-4.51305082635008
0.31,0.31,TRUE,6.96581640145814
0.31,0.31,FALSE,-1.16244926338914
0.31,0.31,TRUE,20.4491386292066
0.31,0.31,TRUE,4.80950851664602
0.31,0.31,FALSE,-3.2341464460369
0.31,0.31,TRUE,2.47103357222295
0.31,0.31,TRUE,7.45729102676341
0.31,0.31,FALSE,-33.2503178041989
0.31,0.31,FALSE,-18.9514729785224
0.31,0.31,TRUE,10.528225276099
0.31,0.31,FALSE,-5.12080658177729
0.31,0.31,FALSE,-1.99617033083632
0.31,0.31,FALSE,-8.71752963152176
0.31,0.31,FALSE,-6.41603156034398
0.31,0.31,FALSE,-0.522858562933834
0.31,0.31,FALSE,-5.97877150037675
0.31,0.31,TRUE,8.12142349766145
0.31,0.31,TRUE,8.07417461740624
0.31,0.31,TRUE,9.42390901227918
0.31,0.31,FALSE,-11.4145912345739
0.31,0.31,TRUE,4.17365710424565
0.32,0.32,FALSE,-17.1591304815629
0.32,0.32,TRUE,0.0582426699365897
0.32,0.32,FALSE,-13.7844923231241
0.32,0.32,TRUE,8.20235693774157
0.32,0.32,FALSE,-3.8449767501661
0.32,0.32,FALSE,-0.930643244166276
0.32,0.32,FALSE,-23.1446665436415
0.32,0.32,FALSE,-7.54363320193079
0.32,0.32,TRUE,8.85232307117985
0.32,0.32,FALSE,-11.2595546430057
0.32,0.32,TRUE,1.66129482257747
0.32,0.32,TRUE,7.85202109843158
0.32,0.32,FALSE,-9.79217378456815
0.32,0.32,FALSE,-6.15412000705692
0.32,0.32,FALSE,-12.5657806257186
0.32,0.32,TRUE,6.94820722429358
0.32,0.32,FALSE,-4.8065908706958
0.32,0.32,TRUE,8.87513336091797
0.32,0.32,FALSE,-15.5811113362033
0.32,0.32,FALSE,-2.94783048069439
0.32,0.32,FALSE,-16.4069126937284
0.32,0.32,FALSE,-7.51945260952925
0.32,0.32,FALSE,-6.95849617234126
0.32,0.32,FALSE,-21.8640400668191
0.32,0.32,TRUE,0.258281144666398
0.32,0.32,TRUE,5.35873150403495
0.32,0.32,TRUE,4.38923670158329
0.32,0.32,TRUE,4.27786417949756
0.32,0.32,FALSE,-3.64891689179785
0.32,0.32,FALSE,-23.7450883315869
0.32,0.32,FALSE,-15.9365211190161
0.32,0.32,TRUE,3.97214845929921
0.32,0.32,TRUE,5.26325667073252
0.32,0.32,FALSE,-10.085765298918
0.32,0.32,FALSE,-9.93792511150968
0.32,0.32,TRUE,34.3021945652181
0.32,0.32,FALSE,-9.53403332459857
0.32,0.32,FALSE,-5.53539125250973
0.32,0.32,FALSE,-7.04750525721101
0.32,0.32,FALSE,-8.96611590274551
0.32,0.32,TRUE,5.3301667314081
0.32,0.32,FALSE,-1.0335706210426
0.32,0.32,FALSE,-18.7895203152184
0.32,0.32,TRUE,4.20829141202557
0.32,0.32,FALSE,-3.24499961053152
0.32,0.32,TRUE,10.1715101873961
0.32,0.32,FALSE,-10.5190954963364
0.32,0.32,FALSE,-3.65412837992335
0.32,0.32,TRUE,1.03920017020209
0.32,0.32,FALSE,-15.4850848944043
0.33,0.33,TRUE,20.5440160926337
0.33,0.33,FALSE,-17.0030671395652
0.33,0.33,FALSE,-29.505166692652
0.33,0.33,TRUE,4.8418287482782
0.33,0.33,FALSE,-11.3731584897942
0.33,0.33,TRUE,2.23786688304972
0.33,0.33,FALSE,-0.494061641245935
0.33,0.33,TRUE,11.1097322110218
0.33,0.33,FALSE,-5.49278779372253
0.33,0.33,FALSE,-19.4856436398768
0.33,0.33,FALSE,-20.6491223817538
0.33,0.33,TRUE,6.67231735287351
0.33,0.33,FALSE,-1.5716000538996
0.33,0.33,TRUE,17.1306851984409
0.33,0.33,FALSE,-10.3652601387075
0.33,0.33,FALSE,-0.220381136954529
0.33,0.33,TRUE,5.61368876355118
0.33,0.33,FALSE,-16.7505958679394
0.33,0.33,TRUE,15.4713887510152
0.33,0.33,TRUE,4.50667853078994
0.33,0.33,FALSE,-5.52052118189749
0.33,0.33,TRUE,1.27741875769425
0.33,0.33,TRUE,3.87748746783109
0.33,0.33,FALSE,-13.0716944228079
0.33,0.33,FALSE,-3.83378219894075
0.33,0.33,FALSE,-11.6183411940219
0.33,0.33,TRUE,5.40245763233179
0.33,0.33,FALSE,-21.0186694830991
0.33,0.33,FALSE,-3.44128439934866
0.33,0.33,FALSE,-3.99706629207867
0.33,0.33,TRUE,18.8305914965676
0.33,0.33,FALSE,-6.47910864775986
0.33,0.33,FALSE,-1.06364305005627
0.33,0.33,FALSE,-8.14526798073348
0.33,0.33,FALSE,-23.8507649166604
0.33,0.33,FALSE,-2.77918101021714
0.33,0.33,TRUE,3.06516302506134
0.33,0.33,FALSE,-0.990399222926499
0.33,0.33,TRUE,3.95481953619674
0.33,0.33,TRUE,4.08114526890131
0.33,0.33,FALSE,-11.5202745094175
0.33,0.33,FALSE,-10.5508581207323
0.33,0.33,TRUE,7.06638824618858
0.33,0.33,FALSE,-27.9055092112176
0.33,0.33,FALSE,-2.54129470998305
0.33,0.33,TRUE,13.247095310755
0.33,0.33,TRUE,5.22482054637294
0.33,0.33,TRUE,11.1659917983816
0.33,0.33,FALSE,-0.738335610323702
0.33,0.33,FALSE,-7.90092004706457
0.34,0.34,TRUE,3.57155033961681
0.34,0.34,FALSE,-6.58074860419583
0.34,0.34,TRUE,23.6538878489337
0.34,0.34,FALSE,-5.04110376946483
0.34,0.34,TRUE,0.809057041733467
0.34,0.34,FALSE,-4.37238516720754
0.34,0.34,TRUE,8.92696166595488
0.34,0.34,TRUE,22.9479137313247
0.34,0.34,TRUE,2.12784802852184
0.34,0.34,FALSE,-6.95849168393033
0.34,0.34,FALSE,-28.619126851725
0.34,0.34,TRUE,18.5686905486873
0.34,0.34,FALSE,-3.59262903252602
0.34,0.34,TRUE,6.0704700059141
0.34,0.34,TRUE,7.62066660761775
0.34,0.34,FALSE,-15.1526557452271
0.34,0.34,TRUE,2.22845411048547
0.34,0.34,TRUE,11.7825614065514
0.34,0.34,TRUE,22.8862752354944
0.34,0.34,FALSE,-2.77795020631675
0.34,0.34,FALSE,-11.515874347464
0.34,0.34,TRUE,14.0468134746188
0.34,0.34,FALSE,-0.100219524829299
0.34,0.34,FALSE,-19.5075036089693
0.34,0.34,TRUE,10.0670143820789
0.34,0.34,TRUE,11.3936923718684
0.34,0.34,TRUE,1.59169786475832
0.34,0.34,TRUE,23.5024298295211
0.34,0.34,FALSE,-2.98924198824898
0.34,0.34,FALSE,-2.90089667434222
0.34,0.34,TRUE,10.5458252846402
0.34,0.34,FALSE,-38.7016725964932
0.34,0.34,FALSE,-4.80401359480311
0.34,0.34,FALSE,-19.8961984549205
0.34,0.34,FALSE,-7.24469718226464
0.34,0.34,FALSE,-6.06758769915177
0.34,0.34,FALSE,-3.14391171313764
0.34,0.34,TRUE,4.08371132408502
0.34,0.34,FALSE,-9.70689092793691
0.34,0.34,TRUE,9.62609698923188
0.34,0.34,FALSE,-22.2851592731095
0.34,0.34,TRUE,11.0664571867565
0.34,0.34,TRUE,5.91206847043213
0.34,0.34,TRUE,4.35612561214293
0.34,0.34,TRUE,9.12012701305866
0.34,0.34,FALSE,-6.81680524906551
0.34,0.34,FALSE,-17.9634447139761
0.34,0.34,FALSE,-4.56913997873198
0.34,0.34,FALSE,-1.48628342257871
0.34,0.34,TRUE,0.507009265555098
0.35,0.35,TRUE,3.22830926232928
0.35,0.35,FALSE,-22.2164374768981
0.35,0.35,TRUE,11.9536885768757
0.35,0.35,TRUE,19.9103796955751
0.35,0.35,FALSE,-2.32913636683952
0.35,0.35,FALSE,-4.41141311772662
0.35,0.35,FALSE,-12.7123761174189
0.35,0.35,TRUE,18.9100796002276
0.35,0.35,TRUE,7.41169340745546
0.35,0.35,FALSE,-6.46804417316525
0.35,0.35,TRUE,0.858245406303467
0.35,0.35,TRUE,4.10872289529289
0.35,0.35,TRUE,2.87066863134896
0.35,0.35,TRUE,3.38212454419408
0.35,0.35,TRUE,5.36996977596209
0.35,0.35,TRUE,13.9409635312149
0.35,0.35,TRUE,3.28483708080239
0.35,0.35,TRUE,3.97179267711181
0.35,0.35,TRUE,7.23196823465696
0.35,0.35,TRUE,3.49788748807623
0.35,0.35,FALSE,-12.2992734821091
0.35,0.35,FALSE,-10.952120918435
0.35,0.35,FALSE,-0.597104212069098
0.35,0.35,TRUE,10.1712410896507
0.35,0.35,FALSE,-14.2036486642064
0.35,0.35,TRUE,5.57594956953471
0.35,0.35,FALSE,-10.4033416096536
0.35,0.35,TRUE,11.1521594402002
0.35,0.35,TRUE,14.6158796556701
0.35,0.35,TRUE,9.33543563347484
0.35,0.35,FALSE,-5.44725028605899
0.35,0.35,TRUE,4.57038522826406
0.35,0.35,FALSE,-0.949491740040685
0.35,0.35,TRUE,7.09803619541708
0.35,0.35,TRUE,0.15875219692316
0.35,0.35,FALSE,-9.9857392071608
0.35,0.35,FALSE,-9.77858029033814
0.35,0.35,FALSE,-3.3358701684374
0.35,0.35,TRUE,14.5234487027155
0.35,0.35,TRUE,7.96543800897052
0.35,0.35,TRUE,14.0254676406257
0.35,0.35,FALSE,-1.80206789285876
0.35,0.35,FALSE,-6.738635039168
0.35,0.35,FALSE,-16.1623811641075
0.35,0.35,TRUE,10.4493104138928
0.35,0.35,TRUE,8.78348510482465
0.35,0.35,FALSE,-15.5302842952915
0.35,0.35,FALSE,-16.4726550541054
0.35,0.35,TRUE,1.26701529099955
0.35,0.35,TRUE,8.52711569768144
0.36,0.36,FALSE,-0.810798685648479
0.36,0.36,TRUE,23.4530616442935
0.36,0.36,FALSE,-9.81545821292821
0.36,0.36,FALSE,-11.3359989505479
0.36,0.36,TRUE,0.488613617388182
0.36,0.36,FALSE,-4.55733857763335
0.36,0.36,TRUE,23.0685756010025
0.36,0.36,TRUE,2.77759698102454
0.36,0.36,TRUE,8.99866937827028
0.36,0.36,FALSE,-7.72298489311652
0.36,0.36,FALSE,-2.07959233869042
0.36,0.36,FALSE,-11.2823430829376
0.36,0.36,TRUE,1.75232359554138
0.36,0.36,TRUE,65.5284773731255
0.36,0.36,TRUE,25.1001043164833
0.36,0.36,FALSE,-16.8221511488155
0.36,0.36,TRUE,5.42258784738442
0.36,0.36,TRUE,16.8684184124722
0.36,0.36,TRUE,20.7144123957805
0.36,0.36,FALSE,-4.79676494484374
0.36,0.36,TRUE,7.50446796128381
0.36,0.36,TRUE,1.67935766527808
0.36,0.36,FALSE,-0.430013260254782
0.36,0.36,FALSE,-1.48262630516911
0.36,0.36,FALSE,-12.6605876437789
0.36,0.36,TRUE,0.0655479592642223
0.36,0.36,FALSE,-0.579735158968106
0.36,0.36,TRUE,11.8564279609272
0.36,0.36,FALSE,-3.37534489210884
0.36,0.36,FALSE,-24.7711245455175
0.36,0.36,TRUE,27.8211021605166
0.36,0.36,TRUE,4.62130055785747
0.36,0.36,TRUE,18.4626263390273
0.36,0.36,FALSE,-0.998605015698558
0.36,0.36,FALSE,-8.65576515116481
0.36,0.36,FALSE,-2.92495031679937
0.36,0.36,FALSE,-3.76116046587413
0.36,0.36,TRUE,7.27595596297397
0.36,0.36,FALSE,-0.691645933969994
0.36,0.36,TRUE,45.9066858106344
0.36,0.36,TRUE,11.5891530240915
0.36,0.36,TRUE,8.28524948096674
0.36,0.36,FALSE,-17.1649428678211
0.36,0.36,TRUE,3.43233006968148
0.36,0.36,FALSE,-15.1476747867819
0.36,0.36,TRUE,28.7088122491514
0.36,0.36,TRUE,5.98667137705343
0.36,0.36,FALSE,-9.56558654349283
0.36,0.36,FALSE,-7.99891001361539
0.36,0.36,FALSE,-10.4778699525596
0.37,0.37,FALSE,-1.83186738596851
0.37,0.369991838479792,TRUE,1.69950633198459
0.37,0.37,TRUE,5.95568206427197
0.37,0.37,FALSE,-7.96999023364333
0.37,0.37,FALSE,-19.8276867078639
0.37,0.37,TRUE,12.1043380576666
0.37,0.37,TRUE,0.495160304806632
0.37,0.37,FALSE,-15.9945423052777
0.37,0.37,TRUE,8.72909728848754
0.37,0.37,TRUE,4.23353175810553
0.37,0.37,TRUE,0.292080095674464
0.37,0.37,TRUE,1.48721177613334
0.37,0.37,FALSE,-22.0367286123146
0.37,0.37,TRUE,7.36462817353458
0.37,0.37,TRUE,8.94484506600202
0.37,0.37,FALSE,-0.10025235154535
0.37,0.37,FALSE,-0.276810036393726
0.37,0.37,FALSE,-1.62103977272272
0.37,0.37,TRUE,0.204024200684216
0.37,0.37,FALSE,-3.99122861479191
0.37,0.37,FALSE,-9.92263832155732
0.37,0.37,FALSE,-14.4207174562944
0.37,0.37,TRUE,3.26157139317002
0.37,0.37,TRUE,12.5357466212809
0.37,0.37,FALSE,-9.07493228538442
0.37,0.37,FALSE,-12.693295893383
0.37,0.37,TRUE,10.8616008087702
0.37,0.37,TRUE,12.8706595896365
0.37,0.37,TRUE,18.5465489703456
0.37,0.37,FALSE,-0.837083114765846
0.37,0.37,FALSE,-8.65055128524546
0.37,0.37,FALSE,-10.9862178198091
0.37,0.37,FALSE,-2.24479784144933
0.37,0.37,TRUE,16.8767790587117
0.37,0.37,FALSE,-1.90207801108772
0.37,0.37,TRUE,9.653425174125
0.37,0.37,FALSE,-3.34524157175474
0.37,0.37,TRUE,0.543495745445398
0.37,0.37,TRUE,8.24722895363084
0.37,0.37,TRUE,1.72366987566056
0.37,0.37,FALSE,-0.960103029839956
0.37,0.37,TRUE,7.42119392543827
0.37,0.37,FALSE,-15.8727804810478
0.37,0.37,TRUE,18.1919489739194
0.37,0.37,TRUE,24.0635766728483
0.37,0.37,TRUE,0.402982989944576
0.37,0.37,TRUE,0.46746270271251
0.37,0.37,FALSE,-7.45701466892206
0.37,0.37,TRUE,0.117198727955838
0.37,0.37,TRUE,5.18029878197558
0.38,0.38,FALSE,-7.24445772540275
0.38,0.38,FALSE,-6.58376287731153
0.38,0.38,FALSE,-3.15575924819132
0.38,0.38,FALSE,-14.1661006312788
0.38,0.38,TRUE,17.1253668356076
0.38,0.38,FALSE,-5.6983329601062
0.38,0.38,TRUE,18.7431583551333
0.38,0.38,FALSE,-1.59646342269843
0.38,0.38,FALSE,-5.30199454657122
0.38,0.38,TRUE,7.95822240137204
0.38,0.38,TRUE,1.21265612589923
0.38,0.38,TRUE,26.6713537002615
0.38,0.38,FALSE,-14.0938421087194
0.38,0.38,TRUE,14.7596672290165
0.38,0.38,TRUE,7.95779598076479
0.38,0.38,FALSE,-14.1326349137016
0.38,0.38,FALSE,-4.3252062339925
0.38,0.38,FALSE,-4.9533647721255
0.38,0.38,TRUE,13.2022166511015
0.38,0.38,TRUE,15.7194107921314
0.38,0.38,TRUE,31.0802821932157
0.38,0.38,TRUE,13.9781802562356
0.38,0.38,TRUE,32.3534857521263
0.38,0.38,TRUE,16.7190405459733
0.38,0.38,TRUE,3.02694221010097
0.38,0.38,TRUE,8.04786445925129
0.38,0.38,FALSE,-7.02064702890493
0.38,0.38,FALSE,-0.768194117979874
0.38,0.38,FALSE,-4.34571574268557
0.38,0.38,FALSE,-6.54688442571933
0.38,0.38,FALSE,-4.27721609589207
0.38,0.38,TRUE,14.8216692745991
0.38,0.38,FALSE,-6.96407244377406
0.38,0.38,FALSE,-0.428359998924861
0.38,0.38,FALSE,-1.95877687231041
0.38,0.38,FALSE,-29.954151130336
0.38,0.38,TRUE,15.5598130753642
0.38,0.38,FALSE,-14.4437117162197
0.38,0.38,FALSE,-3.2042096824589
0.38,0.38,TRUE,13.2692755855096
0.38,0.38,TRUE,9.29274431118756
0.38,0.38,TRUE,19.9456712118008
0.38,0.38,TRUE,21.6401862281382
0.38,0.38,TRUE,2.0419965639885
0.38,0.38,FALSE,-21.3248361658298
0.38,0.38,FALSE,-12.5972728067427
0.38,0.38,TRUE,14.4439906842817
0.38,0.38,FALSE,-1.87640920503327
0.38,0.38,TRUE,25.4456148236204
0.38,0.38,TRUE,10.9383854707594
0.39,0.39,TRUE,2.29692626986434
0.39,0.39,FALSE,-0.854310023190919
0.39,0.39,FALSE,-12.9826785982332
0.39,0.39,FALSE,-27.8573702353751
0.39,0.39,FALSE,-14.6118249717911
0.39,0.39,TRUE,15.9140666985622
0.39,0.39,FALSE,-9.04784455716435
0.39,0.39,FALSE,-7.54314784688904
0.39,0.39,TRUE,17.1029569949533
0.39,0.39,FALSE,-4.57625199013637
0.39,0.39,TRUE,18.1661827570388
0.39,0.39,TRUE,5.90037287405357
0.39,0.39,TRUE,4.40627923872671
0.39,0.39,TRUE,9.62989769457272
0.39,0.39,TRUE,4.44550969969714
0.39,0.39,TRUE,2.01598271671173
0.39,0.39,FALSE,-0.128454493275058
0.39,0.39,TRUE,1.14674113942601
0.39,0.39,TRUE,20.4961338265566
0.39,0.39,TRUE,12.1483849365577
0.39,0.39,FALSE,-8.82503373407235
0.39,0.39,TRUE,0.707111790543422
0.39,0.39,TRUE,30.8523906862392
0.39,0.39,FALSE,-18.8937521153675
0.39,0.39,TRUE,5.87773251904218
0.39,0.39,TRUE,2.64865348205785
0.39,0.39,FALSE,-5.04865430809878
0.39,0.39,TRUE,2.70701660931445
0.39,0.39,TRUE,1.45611244636893
0.39,0.39,FALSE,-25.3548125025518
0.39,0.39,FALSE,-10.3677991085933
0.39,0.39,TRUE,7.34217233547679
0.39,0.39,FALSE,-7.02922213969578
0.39,0.39,TRUE,9.49584998917271
0.39,0.39,TRUE,3.1105003736775
0.39,0.39,TRUE,23.0892200819544
0.39,0.39,TRUE,14.1981052543088
0.39,0.39,TRUE,4.80691757285604
0.39,0.39,TRUE,0.174482394675579
0.39,0.39,FALSE,-16.9279806569211
0.39,0.39,TRUE,8.09736965722914
0.39,0.39,FALSE,-3.56540006243085
0.39,0.39,TRUE,8.25820708199899
0.39,0.39,TRUE,19.5076437267417
0.39,0.39,TRUE,11.1257759765213
0.39,0.39,TRUE,12.6781684996931
0.39,0.39,TRUE,10.175068753113
0.39,0.39,TRUE,15.5018388550561
0.39,0.39,TRUE,2.42207252146181
0.39,0.39,FALSE,-16.0638382173893
0.4,0.4,TRUE,0.824490337879979
0.4,0.4,TRUE,0.454768387226068
0.4,0.4,TRUE,4.80549751462968
0.4,0.4,FALSE,-13.4607666983175
0.4,0.4,TRUE,3.35090327281068
0.4,0.4,TRUE,5.38780253253935
0.4,0.4,TRUE,12.3772923686229
0.4,0.4,TRUE,26.93358821949
0.4,0.4,TRUE,21.9606570375145
0.4,0.4,TRUE,4.11277466130923
0.4,0.4,TRUE,1.28951666499415
0.4,0.4,FALSE,-5.71205335665218
0.4,0.4,FALSE,-13.6445809490906
0.4,0.4,FALSE,-0.426186574786698
0.4,0.4,TRUE,17.8764679678934
0.4,0.4,TRUE,2.17300016306763
0.4,0.4,TRUE,3.11329030758134
0.4,0.4,FALSE,-4.37885988450944
0.4,0.4,TRUE,19.4724175476986
0.4,0.4,FALSE,-6.54004960865132
0.4,0.4,FALSE,-12.9088825794097
0.4,0.4,TRUE,17.5343953336051
0.4,0.4,FALSE,-3.21501431717479
0.4,0.4,TRUE,14.1225823426612
0.4,0.4,TRUE,6.92800917271961
0.4,0.4,TRUE,2.99034445608777
0.4,0.4,TRUE,2.13086765637127
0.4,0.4,TRUE,7.34143373067127
0.4,0.4,FALSE,-1.55681675436426
0.4,0.4,TRUE,6.27337774827538
0.4,0.4,TRUE,1.1295132961568
0.4,0.4,FALSE,-38.2307235251574
0.4,0.4,TRUE,25.2762308982492
0.4,0.4,TRUE,7.74252951081144
0.4,0.4,TRUE,0.816192731796036
0.4,0.4,TRUE,33.0056974548097
0.4,0.4,FALSE,-16.3736767030678
0.4,0.4,FALSE,-11.152991464809
0.4,0.4,FALSE,-26.0481973238166
0.4,0.4,TRUE,13.9217344061253
0.4,0.4,FALSE,-5.56064529403739
0.4,0.4,TRUE,14.5936922054134
0.4,0.4,FALSE,-2.43384042821344
0.4,0.4,TRUE,20.9284012280223
0.4,0.4,TRUE,13.2203769956832
0.4,0.4,TRUE,42.0682206396923
0.4,0.4,FALSE,-15.26816957759
0.4,0.4,TRUE,19.1396005960523
0.4,0.4,TRUE,5.18923673740574
0.4,0.4,TRUE,1.04026432618775
0.41,0.41,TRUE,2.584288507991
0.41,0.41,FALSE,-2.88874100606336
0.41,0.41,TRUE,2.06439786245392
0.41,0.41,TRUE,10.1712258267762
0.41,0.41,TRUE,3.54742771495512
0.41,0.41,FALSE,-0.482435167788935
0.41,0.41,TRUE,10.5175375070321
0.41,0.41,FALSE,-8.59174524622358
0.41,0.41,TRUE,7.98818923767976
0.41,0.41,TRUE,12.6956484259099
0.41,0.41,TRUE,2.16009364532874
0.41,0.41,FALSE,-1.44527322388603
0.41,0.41,TRUE,16.4122411407734
0.41,0.41,FALSE,-2.5265651329064
0.41,0.41,FALSE,-14.4589904889217
0.41,0.41,TRUE,1.80188776824798
0.41,0.41,FALSE,-0.235647984012758
0.41,0.41,FALSE,-0.0681325400000787
0.41,0.41,TRUE,27.2382296872129
0.41,0.41,TRUE,6.12855696657061
0.41,0.41,TRUE,1.01247067280201
0.41,0.41,FALSE,-0.803400283759402
0.41,0.41,TRUE,9.12025164331135
0.41,0.41,FALSE,-8.1760588457546
0.41,0.41,FALSE,-4.67196034169319
0.41,0.41,FALSE,-0.209174213418009
0.41,0.41,TRUE,9.46318400948439
0.41,0.41,TRUE,22.8281256998162
0.41,0.41,TRUE,11.5854586923124
0.41,0.41,TRUE,13.2785474917073
0.41,0.41,FALSE,-2.70304474135264
0.41,0.41,FALSE,-0.00743948098897818
0.41,0.41,TRUE,4.0912288640975
0.41,0.41,FALSE,-3.41798894321255
0.41,0.41,TRUE,36.0511277985788
0.41,0.41,TRUE,12.7225384984959
0.41,0.41,FALSE,-2.89176226826748
0.41,0.41,TRUE,8.03641375533698
0.41,0.41,TRUE,16.4792007557844
0.41,0.41,TRUE,14.2687199036845
0.41,0.41,TRUE,17.1284046321198
0.41,0.41,TRUE,0.401008591143182
0.41,0.41,TRUE,0.715666104308184
0.41,0.41,TRUE,7.86945830379045
0.41,0.41,FALSE,-13.8477445941899
0.41,0.41,FALSE,-1.84065146788271
0.41,0.41,TRUE,15.9274116797824
0.41,0.41,FALSE,-2.05513236419938
0.41,0.41,FALSE,-21.8892712981833
0.41,0.41,FALSE,-2.75308474998019
0.42,0.42,FALSE,-0.207774705602787
0.42,0.42,TRUE,4.52491790631029
0.42,0.42,TRUE,8.44548886744087
0.42,0.42,TRUE,6.03289966725424
0.42,0.42,FALSE,-17.5959004274664
0.42,0.42,TRUE,0.806792875751853
0.42,0.42,TRUE,4.33144918401013
0.42,0.42,TRUE,20.3618370733348
0.42,0.42,TRUE,4.9892221255941
0.42,0.42,TRUE,3.06443910850794
0.42,0.42,TRUE,0.506198580387718
0.42,0.42,TRUE,12.7448939009992
0.42,0.42,TRUE,1.16027097390906
0.42,0.42,FALSE,-15.6769952129653
0.42,0.42,TRUE,7.90995122451568
0.42,0.42,TRUE,5.37457125598667
0.42,0.42,FALSE,-0.166844609895634
0.42,0.42,TRUE,10.0377990201014
0.42,0.42,TRUE,30.7496904833242
0.42,0.42,TRUE,16.2665288842836
0.42,0.42,FALSE,-12.4634377156362
0.42,0.42,TRUE,9.30544512615961
0.42,0.42,TRUE,13.8609873649002
0.42,0.42,TRUE,0.0975917534633481
0.42,0.42,FALSE,-0.218291337256233
0.42,0.42,TRUE,8.84895718536791
0.42,0.42,FALSE,-1.61448361728253
0.42,0.42,TRUE,27.5290937604295
0.42,0.42,TRUE,6.49139840044154
0.42,0.42,TRUE,7.80236796680038
0.42,0.42,TRUE,13.2170496843246
0.42,0.42,TRUE,7.32748244563118
0.42,0.42,TRUE,3.55042908737596
0.42,0.42,FALSE,-0.84758031310048
0.42,0.42,FALSE,-0.33895095981643
0.42,0.42,TRUE,5.45550657874628
0.42,0.42,TRUE,30.4754324209352
0.42,0.42,TRUE,2.23963623993768
0.42,0.42,TRUE,12.0436174182905
0.42,0.42,TRUE,4.00170861501829
0.42,0.42,TRUE,14.9705727740838
0.42,0.42,TRUE,7.25034409962609
0.42,0.42,FALSE,-15.3962982401245
0.42,0.42,TRUE,4.27500490592865
0.42,0.42,TRUE,9.0572594698715
0.42,0.42,TRUE,2.62034573974597
0.42,0.42,TRUE,7.56815024554089
0.42,0.42,FALSE,-3.23430867071875
0.42,0.42,TRUE,38.1197156497183
0.42,0.42,FALSE,-13.2404932137033
0.43,0.43,FALSE,-7.94484117411776
0.43,0.43,FALSE,-4.9927431345568
0.43,0.43,FALSE,-7.68621892006558
0.43,0.43,TRUE,14.516000555308
0.43,0.43,FALSE,-4.11884486597774
0.43,0.43,TRUE,43.2527598505876
0.43,0.43,FALSE,-2.59813291593673
0.43,0.43,TRUE,1.39917558691377
0.43,0.43,FALSE,-8.12430285559094
0.43,0.43,TRUE,19.3774341167664
0.43,0.43,TRUE,1.1157946790081
0.43,0.43,FALSE,-9.64156309291502
0.43,0.43,FALSE,-3.46427481159117
0.43,0.43,TRUE,28.0888883866974
0.43,0.43,TRUE,24.6574616872895
0.43,0.43,TRUE,9.61575943772186
0.43,0.43,TRUE,2.47910220042104
0.43,0.43,FALSE,-6.40436210383268
0.43,0.43,TRUE,13.3666555273121
0.43,0.43,TRUE,33.5207228903455
0.43,0.43,TRUE,18.0573417923915
0.43,0.43,TRUE,2.5437965464298
0.43,0.43,TRUE,3.53688799415613
0.43,0.43,FALSE,-9.82651339145013
0.43,0.43,TRUE,2.6524948849401
0.43,0.43,FALSE,-9.20600132597247
0.43,0.43,FALSE,-4.41442236794319
0.43,0.43,TRUE,13.87038899646
0.43,0.43,FALSE,-5.42753494597855
0.43,0.43,TRUE,11.7352241151457
0.43,0.43,TRUE,1.92736402904484
0.43,0.43,TRUE,11.452311986337
0.43,0.43,TRUE,14.1498992610577
0.43,0.43,TRUE,2.12610643489461
0.43,0.43,TRUE,18.9696049492886
0.43,0.43,TRUE,5.70628143972863
0.43,0.43,TRUE,41.3939449163918
0.43,0.43,FALSE,-1.23499485354114
0.43,0.43,FALSE,-17.145517000663
0.43,0.43,TRUE,26.269906045567
0.43,0.43,FALSE,-1.60390490304053
0.43,0.43,TRUE,19.0190368484036
0.43,0.43,TRUE,26.9658445941968
0.43,0.43,TRUE,23.5688371835895
0.43,0.43,FALSE,-4.01817910922182
0.43,0.43,FALSE,-5.32435892232024
0.43,0.43,TRUE,9.5516065644988
0.43,0.43,TRUE,1.21516536384661
0.43,0.43,FALSE,-7.79717114766026
0.43,0.43,TRUE,1.56232025742065
0.44,0.44,TRUE,18.4334429945666
0.44,0.44,TRUE,2.76616543729324
0.44,0.44,FALSE,-16.388722592048
0.44,0.44,TRUE,5.85374731429692
0.44,0.44,FALSE,-14.673395352318
0.44,0.44,FALSE,-3.44221900336925
0.44,0.44,TRUE,21.1014946663963
0.44,0.44,FALSE,-8.3024272163384
0.44,0.44,FALSE,-2.4313633025813
0.44,0.44,TRUE,6.14657995908055
0.44,0.44,TRUE,3.77408211599322
0.44,0.44,FALSE,-3.02479696519003
0.44,0.44,TRUE,14.3165555717642
0.44,0.44,FALSE,-5.32241902734313
0.44,0.44,TRUE,18.6079075914531
0.44,0.44,FALSE,-0.172817128928727
0.44,0.44,FALSE,-11.9629484264769
0.44,0.44,TRUE,8.6895327110069
0.44,0.44,TRUE,3.89126015996953
0.44,0.44,FALSE,-10.591720795037
0.44,0.44,FALSE,-3.54490825727771
0.44,0.44,TRUE,8.12145710440382
0.44,0.44,TRUE,30.4374929530895
0.44,0.44,FALSE,-1.98049115744288
0.44,0.44,TRUE,10.1543193274592
0.44,0.44,TRUE,6.32995079993998
0.44,0.44,FALSE,-9.47516980357977
0.44,0.44,FALSE,-21.8937901040808
0.44,0.44,TRUE,16.273362162774
0.44,0.44,FALSE,-1.72665488182247
0.44,0.44,TRUE,9.53859050653773
0.44,0.44,TRUE,9.16978465528882
0.44,0.44,FALSE,-9.4042572412327
0.44,0.44,TRUE,22.1378125335868
0.44,0.44,TRUE,8.73261690128493
0.44,0.44,TRUE,2.80281309676138
0.44,0.44,FALSE,-6.4800831852117
0.44,0.44,TRUE,14.6594269371963
0.44,0.44,TRUE,4.97165349044008
0.44,0.44,TRUE,4.17061680712504
0.44,0.44,TRUE,10.0470169124674
0.44,0.44,TRUE,18.0854015154582
0.44,0.44,TRUE,72.8763258767103
0.44,0.44,TRUE,0.743902178444841
0.44,0.44,TRUE,8.92326491553467
0.44,0.44,FALSE,-1.4432419908444
0.44,0.44,FALSE,-13.0457230725187
0.44,0.44,FALSE,-23.724601572605
0.44,0.44,TRUE,0.181069276153721
0.44,0.44,TRUE,5.52288191951811
0.45,0.45,TRUE,11.838592093136
0.45,0.45,FALSE,-12.3670838838516
0.45,0.45,FALSE,-14.5829704122152
0.45,0.45,TRUE,12.8748834090948
0.45,0.45,TRUE,28.8321099324276
0.45,0.45,TRUE,3.73877300903769
0.45,0.45,TRUE,3.66656201201477
0.45,0.45,FALSE,-11.2396275187493
0.45,0.45,FALSE,-13.5979604798085
0.45,0.45,FALSE,-11.7761688747341
0.45,0.45,TRUE,4.59528134108041
0.45,0.45,FALSE,-4.14377296037856
0.45,0.45,FALSE,-5.44520324179757
0.45,0.45,TRUE,10.8062907271742
0.45,0.45,TRUE,4.08770420655492
0.45,0.45,TRUE,2.26787777910067
0.45,0.45,FALSE,-4.89041320238539
0.45,0.45,FALSE,-12.0021202943353
0.45,0.45,FALSE,-2.5623293710305
0.45,0.45,TRUE,9.92805835161926
0.45,0.45,TRUE,0.374049645124614
0.45,0.45,TRUE,10.9719832490773
0.45,0.45,TRUE,1.03953405004359
0.45,0.45,TRUE,3.62403316281416
0.45,0.45,TRUE,39.0674042239261
0.45,0.45,FALSE,-1.33415504176082
0.45,0.45,FALSE,-4.66829532940028
0.45,0.45,FALSE,-19.9766918067144
0.45,0.45,TRUE,0.226559415074007
0.45,0.45,TRUE,3.74796263461758
0.45,0.45,FALSE,-6.2368786975785
0.45,0.45,TRUE,3.7630641829237
0.45,0.45,FALSE,-7.06364805263729
0.45,0.45,TRUE,12.3722155893629
0.45,0.45,TRUE,23.7766303455865
0.45,0.45,TRUE,0.306249419783853
0.45,0.45,TRUE,4.62372672964921
0.45,0.45,TRUE,18.7417285181727
0.45,0.45,FALSE,-11.0480564808277
0.45,0.45,FALSE,-6.52832272269006
0.45,0.45,TRUE,2.87914429708326
0.45,0.45,FALSE,-15.3075244373213
0.45,0.45,TRUE,18.6731769651342
0.45,0.45,FALSE,-6.10370724662425
0.45,0.45,TRUE,8.38652885618285
0.45,0.45,TRUE,10.2689230846117
0.45,0.45,TRUE,27.9321178695573
0.45,0.45,FALSE,-2.47129783838682
0.45,0.45,FALSE,-13.7719419359528
0.45,0.45,TRUE,9.27652874125124
0.46,0.46,TRUE,11.5287657951667
0.46,0.46,FALSE,-16.4714169411309
0.46,0.46,FALSE,-21.7994418990711
0.46,0.46,TRUE,35.5057706083171
0.46,0.46,TRUE,17.9596738523251
0.46,0.46,TRUE,10.9087983031604
0.46,0.46,TRUE,16.8298577833666
0.46,0.46,TRUE,3.65355369596728
0.46,0.46,TRUE,6.08255943308541
0.46,0.46,FALSE,-16.8024297809352
0.46,0.46,TRUE,20.5427708707248
0.46,0.46,TRUE,27.4747733822078
0.46,0.46,TRUE,3.98072911707277
0.46,0.46,TRUE,15.7771633118864
0.46,0.459997830470713,FALSE,-0.943004147713509
0.46,0.46,TRUE,8.76260896457461
0.46,0.46,TRUE,29.206189032735
0.46,0.46,FALSE,-5.32534699459211
0.46,0.46,TRUE,6.43998842629298
0.46,0.46,TRUE,8.83892571308024
0.46,0.46,TRUE,12.7748623969164
0.46,0.46,FALSE,-10.3601092656281
0.46,0.46,TRUE,38.035767563666
0.46,0.46,TRUE,7.38939241403205
0.46,0.46,TRUE,12.1130753988109
0.46,0.46,TRUE,0.503118046570307
0.46,0.46,TRUE,12.7244789302495
0.46,0.46,TRUE,22.2618803257392
0.46,0.46,TRUE,25.8402535566565
0.46,0.46,FALSE,-8.2259496079605
0.46,0.46,TRUE,5.39092233577685
0.46,0.46,FALSE,-2.272237201596
0.46,0.46,FALSE,-3.12337952294183
0.46,0.46,TRUE,2.89693064471794
0.46,0.46,FALSE,-23.6781595802713
0.46,0.46,TRUE,0.510082287695695
0.46,0.46,TRUE,14.4235879294429
0.46,0.46,TRUE,9.11221993191066
0.46,0.46,TRUE,19.3699269432909
0.46,0.46,TRUE,15.8341282426809
0.46,0.46,FALSE,-3.27747685591748
0.46,0.46,FALSE,-14.953897994048
0.46,0.46,TRUE,8.09609228063346
0.46,0.46,TRUE,7.4905476717613
0.46,0.46,TRUE,13.5887334244144
0.46,0.46,FALSE,-1.67133594383995
0.46,0.46,TRUE,1.10502061758598
0.46,0.46,TRUE,11.1349645657901
0.46,0.46,FALSE,-18.0005253490053
0.46,0.46,TRUE,4.06228985330381
0.47,0.47,TRUE,0.878882827229972
0.47,0.47,FALSE,-2.99240751485922
0.47,0.47,TRUE,15.8803487131845
0.47,0.47,TRUE,0.994079437165055
0.47,0.47,TRUE,14.1653557144346
0.47,0.47,TRUE,11.4362641447588
0.47,0.47,TRUE,22.4278698231246
0.47,0.47,TRUE,9.41966885950387
0.47,0.47,TRUE,6.9032447672289
0.47,0.47,TRUE,11.3357519442688
0.47,0.47,TRUE,8.21112112495757
0.47,0.47,TRUE,15.9463936746179
0.47,0.47,TRUE,14.9432026364666
0.47,0.47,TRUE,7.90252731211149
0.47,0.47,TRUE,25.8480757799298
0.47,0.47,TRUE,17.5071050983461
0.47,0.47,TRUE,28.0037172278498
0.47,0.47,TRUE,21.8838937184373
0.47,0.47,TRUE,3.6512595952081
0.47,0.47,TRUE,8.58244324386396
0.47,0.47,FALSE,-15.0602247352945
0.47,0.47,TRUE,4.91968979381272
0.47,0.47,TRUE,6.47903049337765
0.47,0.47,TRUE,39.8117395045156
0.47,0.47,TRUE,4.24463867145096
0.47,0.47,FALSE,-15.8007280233433
0.47,0.47,FALSE,-5.89095863784678
0.47,0.47,TRUE,21.8997563981502
0.47,0.47,FALSE,-11.2590385042276
0.47,0.47,TRUE,8.49819674296305
0.47,0.47,TRUE,9.75222998288882
0.47,0.47,TRUE,24.0094494673576
0.47,0.47,FALSE,-18.6670641865639
0.47,0.47,TRUE,16.4710099663462
0.47,0.47,FALSE,-5.05223050419954
0.47,0.47,TRUE,16.7504352781252
0.47,0.47,FALSE,-0.963422176344466
0.47,0.47,TRUE,14.8921707652735
0.47,0.47,TRUE,28.7498574676683
0.47,0.47,FALSE,-2.8692746455672
0.47,0.47,TRUE,21.3967552877039
0.47,0.47,TRUE,12.0428039820654
0.47,0.47,TRUE,33.2092067317244
0.47,0.47,TRUE,6.35047925899926
0.47,0.47,FALSE,-6.15191033861993
0.47,0.47,FALSE,-11.3504730582245
0.47,0.47,TRUE,6.05485567073629
0.47,0.47,TRUE,3.48089229866309
0.47,0.47,TRUE,10.7863957107184
0.47,0.47,TRUE,35.6013066593223
0.48,0.48,TRUE,33.6511459183021
0.48,0.48,TRUE,3.4530174637257
0.48,0.48,FALSE,-8.58053093459239
0.48,0.48,TRUE,20.2608886964226
0.48,0.48,TRUE,12.8933767014387
0.48,0.48,TRUE,19.0080729180627
0.48,0.48,TRUE,4.96847155448995
0.48,0.48,TRUE,1.64371733505322
0.48,0.48,FALSE,-2.21502940327991
0.48,0.48,TRUE,17.8304177910832
0.48,0.48,TRUE,7.0018439905507
0.48,0.48,TRUE,46.5438982059823
0.48,0.48,TRUE,2.36204547021771
0.48,0.48,TRUE,27.6810589677225
0.48,0.48,TRUE,27.2560108524995
0.48,0.48,TRUE,27.1852037717872
0.48,0.48,FALSE,-12.3941888627596
0.48,0.48,TRUE,7.52178244159222
0.48,0.48,TRUE,20.251063444699
0.48,0.48,FALSE,-2.73556382325114
0.48,0.48,TRUE,15.9531866068901
0.48,0.48,TRUE,20.5881570181191
0.48,0.48,TRUE,14.6316520873625
0.48,0.48,TRUE,19.445540295641
0.48,0.48,TRUE,21.0804765577159
0.48,0.48,TRUE,40.9413530772654
0.48,0.48,TRUE,9.64296102357548
0.48,0.48,TRUE,13.768365827571
0.48,0.48,TRUE,35.4198040522388
0.48,0.48,FALSE,-12.8243427137386
0.48,0.48,TRUE,12.3421831967062
0.48,0.48,TRUE,21.3389778709206
0.48,0.48,TRUE,1.95583884686494
0.48,0.48,FALSE,-6.86224825532554
0.48,0.48,TRUE,9.99790528317317
0.48,0.48,TRUE,17.6751717836887
0.48,0.48,TRUE,32.0542699416874
0.48,0.48,TRUE,14.0258778045063
0.48,0.48,TRUE,1.50744691967702
0.48,0.48,FALSE,-3.83147252875642
0.48,0.48,TRUE,4.62418926554528
0.48,0.48,TRUE,2.53713831345522
0.48,0.48,TRUE,30.5342462328044
0.48,0.48,TRUE,40.8400304842689
0.48,0.48,TRUE,13.1068797811604
0.48,0.48,TRUE,8.02998608818234
0.48,0.48,TRUE,34.250810280555
0.48,0.48,TRUE,20.3813829566861
0.48,0.48,TRUE,23.037687433316
0.48,0.48,TRUE,4.9323784862936
0.49,0.49,TRUE,20.3232151838893
0.49,0.49,TRUE,24.3561425906264
0.49,0.49,FALSE,-11.1050920620401
0.49,0.49,TRUE,13.1504035292928
0.49,0.49,TRUE,1.24313401513064
0.49,0.49,FALSE,-9.13094574517891
0.49,0.49,TRUE,14.7666324836755
0.49,0.49,TRUE,23.2017194564942
0.49,0.49,TRUE,10.0857404555172
0.49,0.49,TRUE,0.559782913780509
0.49,0.49,TRUE,9.87993729070513
0.49,0.49,TRUE,34.7329701740891
0.49,0.49,TRUE,0.735911447831313
0.49,0.49,FALSE,-11.2619350903151
0.49,0.49,TRUE,19.8740233642056
0.49,0.49,TRUE,38.9770327919905
0.49,0.49,TRUE,7.10962560965709
0.49,0.49,FALSE,-3.63274108656333
0.49,0.49,TRUE,15.1578794023117
0.49,0.49,TRUE,25.795312953247
0.49,0.49,TRUE,7.27421343911192
0.49,0.49,FALSE,-3.57131912071782
0.49,0.49,TRUE,17.2669978301165
0.49,0.49,TRUE,4.03254156222101
0.49,0.49,FALSE,-0.627639104728587
0.49,0.49,FALSE,-0.893700873468333
0.49,0.49,TRUE,12.548902456143
0.49,0.49,TRUE,37.7520978271241
0.49,0.49,TRUE,41.5869765807911
0.49,0.49,TRUE,25.0992678017174
0.49,0.49,FALSE,-17.4007054875328
0.49,0.49,TRUE,2.59188906488998
0.49,0.49,TRUE,11.3130474717364
0.49,0.49,TRUE,20.5419506570761
0.49,0.49,TRUE,19.2376349824335
0.49,0.49,TRUE,20.9223734276529
0.49,0.49,FALSE,-5.4822797206325
0.49,0.49,TRUE,6.30847159557743
0.49,0.49,TRUE,6.21122289169216
0.49,0.49,FALSE,-0.6107422308487
0.49,0.49,TRUE,1.26572719504475
0.49,0.49,TRUE,2.82467796778292
0.49,0.49,TRUE,9.03039321582401
0.49,0.49,FALSE,-2.20994279032675
0.49,0.49,FALSE,-0.193248293981014
0.49,0.49,FALSE,-1.03620299403337
0.49,0.49,TRUE,24.5520033496978
0.49,0.49,TRUE,49.1467558543882
0.49,0.49,TRUE,7.07056406060292
0.49,0.49,TRUE,11.5842754535406
0.5,0.5,TRUE,10.0181407757009
0.5,0.5,TRUE,23.4565131865384
0.5,0.5,TRUE,14.9671991974392
0.5,0.5,FALSE,-17.1076461861339
0.5,0.5,TRUE,5.59406254620626
0.5,0.5,TRUE,9.16196069844591
0.5,0.5,TRUE,0.639805256818363
0.5,0.5,TRUE,9.96054049582381
0.5,0.5,TRUE,4.3200365294324
0.5,0.5,FALSE,-16.9813362489149
0.5,0.5,FALSE,-3.09457845097859
0.5,0.5,TRUE,10.1021983984392
0.5,0.5,FALSE,-13.4916764648042
0.5,0.5,FALSE,-1.82609012073226
0.5,0.5,TRUE,16.8048014589294
0.5,0.5,FALSE,-6.07920132137224
0.5,0.5,TRUE,4.90422547871276
0.5,0.5,FALSE,-0.388120616255037
0.5,0.5,TRUE,10.6828330115677
0.5,0.5,TRUE,5.88663629299481
0.5,0.5,TRUE,4.79677577835173
0.5,0.5,TRUE,30.6528799717162
0.5,0.5,TRUE,11.8734417254891
0.5,0.5,TRUE,18.95228106574
0.5,0.5,TRUE,2.17351226776736
0.5,0.5,TRUE,21.727020850547
0.5,0.5,TRUE,25.4139574437577
0.5,0.5,TRUE,8.3751249279303
0.5,0.5,TRUE,33.7347738021817
0.5,0.5,TRUE,8.84938277376204
0.5,0.5,TRUE,5.8907817508516
0.5,0.5,TRUE,68.2022040246011
0.5,0.5,TRUE,15.3144600559244
0.5,0.5,FALSE,-6.78084248798768
0.5,0.5,TRUE,14.7978131106647
0.5,0.5,TRUE,13.1426251445155
0.5,0.5,TRUE,2.35095804111916
0.5,0.5,TRUE,14.7887280555115
0.5,0.5,TRUE,6.8149012821923
0.5,0.5,TRUE,26.0846487924537
0.5,0.5,FALSE,-4.32889031878585
0.5,0.5,FALSE,-4.63021905475398
0.5,0.5,FALSE,-2.86249712865174
0.5,0.5,TRUE,1.03536582362722
0.5,0.5,TRUE,13.3320178251452
0.5,0.5,TRUE,11.6562195912011
0.5,0.5,TRUE,23.5504159562843
0.5,0.5,TRUE,0.48169191755369
0.5,0.5,TRUE,12.2678656849021
0.5,0.5,TRUE,17.9873256891333
0.51,0.51,TRUE,3.6227999992916
0.51,0.51,TRUE,35.7664824159328
0.51,0.51,TRUE,17.4103459481667
0.51,0.51,TRUE,10.923718933991
0.51,0.51,TRUE,42.0605582504722
0.51,0.51,TRUE,5.8920576503042
0.51,0.51,TRUE,10.9969766542927
0.51,0.51,TRUE,1.01977921251819
0.51,0.51,TRUE,30.5554975298328
0.51,0.51,TRUE,8.21587209755307
0.51,0.51,FALSE,-6.33649523534768
0.51,0.51,TRUE,8.15462850721815
0.51,0.51,TRUE,6.88878682108043
0.51,0.51,FALSE,-0.694880497580016
0.51,0.51,TRUE,10.7069025052297
0.51,0.51,TRUE,1.0403121974814
0.51,0.51,TRUE,21.1386231257748
0.51,0.51,TRUE,4.87804897925889
0.51,0.51,TRUE,15.0020051707797
0.51,0.51,FALSE,-6.71318772618906
0.51,0.51,TRUE,28.4301642303872
0.51,0.51,TRUE,4.79102098909789
0.51,0.51,TRUE,6.4268658371584
0.51,0.51,FALSE,-6.83058582755984
0.51,0.51,TRUE,25.7979126555947
0.51,0.51,FALSE,-8.39284474585293
0.51,0.51,TRUE,6.49893559649718
0.51,0.51,TRUE,3.7972726764383
0.51,0.51,TRUE,20.2493567690908
0.51,0.51,TRUE,15.8724440157166
0.51,0.51,TRUE,11.9222905582828
0.51,0.51,TRUE,19.7194294919536
0.51,0.51,TRUE,12.33597707437
0.51,0.51,TRUE,11.6186762161233
0.51,0.51,TRUE,0.909423215176503
0.51,0.51,TRUE,52.0246537894927
0.51,0.51,FALSE,-0.0793503687855264
0.51,0.51,TRUE,10.9471198309984
0.51,0.51,TRUE,11.3524815528363
0.51,0.51,TRUE,13.0059252217943
0.51,0.51,TRUE,28.2698124128437
0.51,0.51,TRUE,8.5115742907692
0.51,0.51,TRUE,0.350798755498545
0.51,0.51,TRUE,10.5461543608799
0.51,0.51,FALSE,-7.76225271848671
0.51,0.51,TRUE,3.16453234774599
0.51,0.51,FALSE,-3.68754747231651
0.51,0.51,TRUE,18.5643112948055
0.51,0.51,FALSE,-9.0780904508465
0.51,0.51,FALSE,-3.44834792461916
0.52,0.52,TRUE,19.0265848941999
0.52,0.52,TRUE,14.8452546682383
0.52,0.52,FALSE,-11.0589373407784
0.52,0.52,FALSE,-12.4644868385512
0.52,0.52,TRUE,38.0868694292767
0.52,0.52,TRUE,2.68677739454506
0.52,0.52,TRUE,20.8458814206206
0.52,0.52,FALSE,-2.14487010741141
0.52,0.52,TRUE,13.462119126707
0.52,0.52,TRUE,20.0950701007641
0.52,0.52,TRUE,1.57007802319276
0.52,0.52,TRUE,22.0150081947613
0.52,0.52,TRUE,2.95061253461245
0.52,0.52,TRUE,10.9632666036268
0.52,0.52,TRUE,17.0236000705772
0.52,0.52,TRUE,17.4550961492605
0.52,0.52,TRUE,7.79411459675248
0.52,0.52,TRUE,1.97048621382419
0.52,0.52,TRUE,19.271692559123
0.52,0.52,TRUE,19.0891318516187
0.52,0.52,TRUE,15.7563746212363
0.52,0.52,TRUE,19.6034431395383
0.52,0.52,TRUE,27.6626476220372
0.52,0.52,TRUE,10.8694252856876
0.52,0.52,TRUE,1.00827996523731
0.52,0.52,TRUE,23.1268256480835
0.52,0.52,TRUE,25.600351077941
0.52,0.52,TRUE,2.89766147366754
0.52,0.52,TRUE,11.3860511117709
0.52,0.52,TRUE,23.3741350234741
0.52,0.52,FALSE,-6.81960370053275
0.52,0.52,TRUE,36.4707181818267
0.52,0.52,TRUE,3.25283626522287
0.52,0.52,FALSE,-8.8878774923578
0.52,0.52,TRUE,18.8251848435357
0.52,0.52,TRUE,36.6381128640642
0.52,0.52,TRUE,10.2182423505692
0.52,0.52,TRUE,10.1675829133092
0.52,0.52,FALSE,-1.55655639045654
0.52,0.52,TRUE,17.6358867463605
0.52,0.52,FALSE,-3.09376535165575
0.52,0.52,TRUE,5.29105397320382
0.52,0.52,FALSE,-9.13775928297036
0.52,0.52,TRUE,32.5254586520423
0.52,0.52,FALSE,-0.585450416063395
0.52,0.52,TRUE,0.944337746375822
0.52,0.52,TRUE,0.78456103712233
0.52,0.52,TRUE,7.20054165715919
0.52,0.52,FALSE,-0.356328256235429
0.52,0.52,TRUE,32.3445085252606
0.53,0.53,FALSE,-2.85625160140989
0.53,0.53,TRUE,17.9696155430138
0.53,0.53,TRUE,1.18150848842561
0.53,0.53,TRUE,24.1133765712548
0.53,0.53,TRUE,26.8155029078844
0.53,0.53,TRUE,29.4909040038292
0.53,0.53,TRUE,9.00658633288185
0.53,0.53,TRUE,11.9847928407653
0.53,0.53,TRUE,2.54463616251087
0.53,0.53,FALSE,-3.97372799929144
0.53,0.53,TRUE,12.1669221969678
0.53,0.53,TRUE,57.2308653028049
0.53,0.53,TRUE,26.8139689522868
0.53,0.53,FALSE,-5.68403457562454
0.53,0.53,FALSE,-5.88969521684339
0.53,0.53,TRUE,5.26763228376512
0.53,0.53,TRUE,8.22449043233064
0.53,0.53,TRUE,26.8979217174347
0.53,0.53,FALSE,-11.1153123437289
0.53,0.53,FALSE,-8.5996125638012
0.53,0.53,TRUE,3.52544515535556
0.53,0.53,TRUE,22.6026176123996
0.53,0.53,TRUE,13.6894948057452
0.53,0.53,TRUE,17.7428111157315
0.53,0.53,TRUE,9.74697447983272
0.53,0.53,FALSE,-5.4317295021574
0.53,0.53,FALSE,-6.84032779686095
0.53,0.53,TRUE,8.91926847432114
0.53,0.53,TRUE,17.1854736182941
0.53,0.53,TRUE,5.58683076246598
0.53,0.53,TRUE,17.67156953003
0.53,0.53,TRUE,10.4223154587198
0.53,0.53,FALSE,-19.2767854994854
0.53,0.53,TRUE,46.255756334027
0.53,0.53,TRUE,4.83319650077829
0.53,0.53,TRUE,2.71536860361448
0.53,0.53,FALSE,-2.3166060180265
0.53,0.53,TRUE,32.1335327980996
0.53,0.53,TRUE,8.18594705354917
0.53,0.53,TRUE,43.1318164150762
0.53,0.53,TRUE,10.0869368496133
0.53,0.53,TRUE,11.5621884163666
0.53,0.53,TRUE,22.105193395033
0.53,0.53,TRUE,9.48307253280291
0.53,0.53,TRUE,14.6444162250482
0.53,0.53,TRUE,3.32485797188201
0.53,0.53,TRUE,6.17807862586415
0.53,0.53,TRUE,8.33744644942271
0.53,0.53,TRUE,6.50085547526396
0.53,0.53,TRUE,0.822387383930618
0.54,0.54,TRUE,12.5726971389522
0.54,0.54,TRUE,9.19994785542804
0.54,0.54,TRUE,3.34750243371673
0.54,0.54,TRUE,11.1444138490006
0.54,0.54,TRUE,10.7502461891454
0.54,0.54,FALSE,-13.5994107047263
0.54,0.54,FALSE,-7.46237961212319
0.54,0.54,TRUE,17.8783546112973
0.54,0.54,FALSE,-2.27589152173459
0.54,0.54,FALSE,-0.660245931205282
0.54,0.54,TRUE,14.3729078821198
0.54,0.54,TRUE,13.9754219536007
0.54,0.54,TRUE,7.84905354105285
0.54,0.54,TRUE,5.00098855053147
0.54,0.54,TRUE,2.68344631907894
0.54,0.54,TRUE,9.65299379004864
0.54,0.54,TRUE,34.6388693662448
0.54,0.54,TRUE,10.2703635873513
0.54,0.54,TRUE,25.5826934315228
0.54,0.54,TRUE,3.27137597051114
0.54,0.54,FALSE,-5.87033249107844
0.54,0.54,TRUE,24.5232409102064
0.54,0.54,TRUE,19.7041439468303
0.54,0.54,TRUE,2.85314801668937
0.54,0.54,TRUE,31.3452763640344
0.54,0.54,FALSE,-1.69487607686824
0.54,0.54,TRUE,16.791548909725
0.54,0.54,TRUE,10.614795365691
0.54,0.54,TRUE,0.728693349286914
0.54,0.54,FALSE,-7.62867563429609
0.54,0.54,TRUE,7.04781752130293
0.54,0.54,TRUE,52.5920275028075
0.54,0.54,TRUE,2.81996091514884
0.54,0.54,TRUE,10.9460517468033
0.54,0.54,TRUE,3.60579600960045
0.54,0.54,TRUE,11.4255120355956
0.54,0.54,TRUE,16.3772078538568
0.54,0.54,FALSE,-9.42755720772038
0.54,0.54,TRUE,24.1128801833438
0.54,0.54,TRUE,20.8028956379167
0.54,0.54,TRUE,24.0235774678185
0.54,0.54,TRUE,21.329805256104
0.54,0.54,TRUE,3.12592094841966
0.54,0.54,TRUE,8.07258676844867
0.54,0.54,TRUE,8.10158372886508
0.54,0.54,TRUE,9.96725889268782
0.54,0.54,TRUE,9.30727750013466
0.54,0.54,FALSE,-9.38226801126439
0.54,0.54,TRUE,10.2499526111715
0.54,0.54,FALSE,-5.75048786585467
0.55,0.55,FALSE,-5.66536130603708
0.55,0.55,TRUE,8.84690174678326
0.55,0.55,TRUE,4.844228678543
0.55,0.55,TRUE,8.89528591868657
0.55,0.55,TRUE,33.1889738148166
0.55,0.55,TRUE,11.1629498445618
0.55,0.55,TRUE,25.9724579460126
0.55,0.55,TRUE,22.9360393190545
0.55,0.55,TRUE,13.6648590121149
0.55,0.55,TRUE,17.3020906668062
0.55,0.55,TRUE,18.7457188773042
0.55,0.55,FALSE,-5.25833379024698
0.55,0.55,TRUE,3.37210572189724
0.55,0.55,TRUE,20.1421501147743
0.55,0.55,TRUE,13.4785675145504
0.55,0.55,TRUE,5.53173621461247
0.55,0.55,TRUE,16.0386420084433
0.55,0.55,TRUE,4.40597931630691
0.55,0.55,FALSE,-5.40177109976139
0.55,0.55,TRUE,25.957175127518
0.55,0.55,TRUE,12.2565359303298
0.55,0.55,TRUE,6.86453320989312
0.55,0.55,TRUE,8.59056746385249
0.55,0.55,TRUE,2.01954329581713
0.55,0.55,TRUE,31.9448838588178
0.55,0.55,TRUE,31.9695465924269
0.55,0.55,FALSE,-8.96872939365858
0.55,0.55,TRUE,27.5682847678509
0.55,0.55,FALSE,-6.72033315550289
0.55,0.55,TRUE,22.4107209842296
0.55,0.55,TRUE,2.20447324762426
0.55,0.55,TRUE,54.5166008090418
0.55,0.55,FALSE,-18.8430622950909
0.55,0.55,TRUE,24.8343463606143
0.55,0.55,TRUE,31.0699963052393
0.55,0.55,TRUE,3.13873632639297
0.55,0.55,TRUE,33.1615215612619
0.55,0.55,TRUE,23.2501593290363
0.55,0.55,TRUE,12.5035113610793
0.55,0.55,TRUE,16.9998961788078
0.55,0.55,TRUE,14.2895537086515
0.55,0.55,TRUE,5.50291982038107
0.55,0.55,TRUE,21.6488344832323
0.55,0.55,TRUE,6.59606772966436
0.55,0.55,TRUE,12.2367657029718
0.55,0.55,TRUE,23.5647330074171
0.55,0.55,TRUE,0.465462427786406
0.55,0.55,TRUE,1.60221173744867
0.55,0.55,TRUE,39.5338473238698
0.55,0.55,TRUE,0.527798135324701
0.56,0.56,TRUE,28.6173350220815
0.56,0.56,TRUE,40.03631854981
0.56,0.56,TRUE,9.4860157356452
0.56,0.56,TRUE,11.7029135050761
0.56,0.56,TRUE,8.81830865945449
0.56,0.56,TRUE,4.76843111233757
0.56,0.56,TRUE,0.517145464320492
0.56,0.56,TRUE,8.49073044275428
0.56,0.56,TRUE,2.65112196540213
0.56,0.56,TRUE,8.6221751500525
0.56,0.56,TRUE,36.580879182995
0.56,0.56,TRUE,33.2177150997195
0.56,0.56,TRUE,18.7536636613149
0.56,0.56,TRUE,16.8592131892656
0.56,0.56,FALSE,-1.08693555263744
0.56,0.56,FALSE,-0.260239882907626
0.56,0.56,TRUE,0.300272041527933
0.56,0.56,TRUE,6.79901078145485
0.56,0.56,TRUE,6.28597323775102
0.56,0.56,TRUE,26.7092905856043
0.56,0.56,TRUE,18.8965828557994
0.56,0.56,TRUE,17.109521612223
0.56,0.56,TRUE,4.56241144245359
0.56,0.56,TRUE,30.1949880277825
0.56,0.56,FALSE,-8.24387406146343
0.56,0.56,FALSE,-17.600284918386
0.56,0.56,TRUE,22.0748549605742
0.56,0.56,TRUE,23.7975098253446
0.56,0.56,TRUE,20.9184468688982
0.56,0.56,TRUE,2.23487868426309
0.56,0.56,TRUE,22.8414674433698
0.56,0.56,TRUE,32.2860210086365
0.56,0.56,TRUE,10.7356051731731
0.56,0.56,TRUE,2.56855568238825
0.56,0.56,TRUE,9.1100989980514
0.56,0.56,TRUE,40.3758685627945
0.56,0.56,FALSE,-1.63365555297423
0.56,0.56,TRUE,0.66789453848105
0.56,0.56,TRUE,2.61777357427491
0.56,0.56,FALSE,-16.2573029253399
0.56,0.56,FALSE,-5.95737854505205
0.56,0.56,TRUE,24.584267571161
0.56,0.56,TRUE,26.4837078278906
0.56,0.56,TRUE,20.56114981875
0.56,0.56,TRUE,4.1055706253137
0.56,0.56,TRUE,26.1174417421462
0.56,0.56,TRUE,9.79578898987529
0.56,0.56,TRUE,2.64597893789687
0.56,0.56,TRUE,27.8847019237837
0.56,0.56,FALSE,-5.61336851096348
0.57,0.57,FALSE,-0.520468547500059
0.57,0.57,FALSE,-6.64425779466183
0.57,0.57,TRUE,9.15439520856307
0.57,0.57,TRUE,17.739755069364
0.57,0.57,TRUE,13.5930891088137
0.57,0.57,TRUE,17.6414649845392
0.57,0.57,FALSE,-0.868371519645734
0.57,0.57,TRUE,24.8225186238851
0.57,0.569998773917103,TRUE,9.58537151623386
0.57,0.57,TRUE,9.746893080468
0.57,0.57,TRUE,6.14086412432516
0.57,0.57,TRUE,10.6097485536011
0.57,0.57,TRUE,21.2420162545241
0.57,0.57,FALSE,-7.30369410572894
0.57,0.57,FALSE,-2.5896431868714
0.57,0.57,FALSE,-7.33018768100374
0.57,0.57,TRUE,13.9693553877587
0.57,0.57,TRUE,6.23061903294365
0.57,0.57,TRUE,7.71758407344169
0.57,0.57,FALSE,-3.66867969572922
0.57,0.57,TRUE,29.9358115786818
0.57,0.57,TRUE,22.5941036329714
0.57,0.57,TRUE,7.75388256230872
0.57,0.57,TRUE,13.8387370573582
0.57,0.57,TRUE,7.14838494019205
0.57,0.57,TRUE,11.2092591067994
0.57,0.57,TRUE,5.2505147641823
0.57,0.57,TRUE,1.57162921163763
0.57,0.57,TRUE,22.9529344519287
0.57,0.57,FALSE,-10.2906417097402
0.57,0.57,TRUE,34.5662714263235
0.57,0.57,FALSE,-5.23289263680999
0.57,0.57,TRUE,4.80194819319513
0.57,0.57,TRUE,9.00121628975467
0.57,0.57,TRUE,13.3504412011571
0.57,0.57,TRUE,19.924972017383
0.57,0.57,TRUE,9.67193573567056
0.57,0.57,TRUE,7.69636103019366
0.57,0.57,FALSE,-1.21451610146687
0.57,0.57,TRUE,21.8640268177551
0.57,0.57,TRUE,14.1692155150631
0.57,0.57,TRUE,9.9956013430492
0.57,0.57,FALSE,-6.07109701270019
0.57,0.57,TRUE,11.5088291817301
0.57,0.57,TRUE,3.39798013359177
0.57,0.57,TRUE,12.3567753832867
0.57,0.57,TRUE,0.42884178785971
0.57,0.57,TRUE,9.40262088145755
0.57,0.57,FALSE,-3.19305051876654
0.57,0.57,TRUE,22.3693898570891
0.58,0.58,TRUE,49.7520265281455
0.58,0.58,FALSE,-1.6448837796961
0.58,0.58,TRUE,35.778828865612
0.58,0.58,TRUE,39.8293960734882
0.58,0.58,TRUE,18.0151931093314
0.58,0.58,FALSE,-6.85315703900051
0.58,0.58,FALSE,-5.11657870869385
0.58,0.58,FALSE,-15.2114741263867
0.58,0.58,TRUE,20.3052973125705
0.58,0.58,TRUE,10.9950844860286
0.58,0.58,TRUE,16.8643517467244
0.58,0.58,TRUE,4.61668835533419
0.58,0.58,TRUE,31.1055525853917
0.58,0.58,TRUE,32.5480705309928
0.58,0.58,TRUE,8.57465720921755
0.58,0.58,TRUE,33.1725985954217
0.58,0.58,TRUE,15.4324417572461
0.58,0.58,FALSE,-13.027670859512
0.58,0.58,TRUE,24.355489624686
0.58,0.58,TRUE,8.39290619420353
0.58,0.58,TRUE,22.8231938544668
0.58,0.58,TRUE,18.7574730584347
0.58,0.58,TRUE,17.4525043424001
0.58,0.58,TRUE,25.1427402526933
0.58,0.58,TRUE,6.2175882987467
0.58,0.58,TRUE,12.90144130525
0.58,0.58,TRUE,30.2099739272817
0.58,0.58,TRUE,10.7818920165118
0.58,0.58,TRUE,22.00922802489
0.58,0.58,TRUE,10.9717741389504
0.58,0.58,TRUE,5.82234081801653
0.58,0.58,TRUE,34.2138932909693
0.58,0.58,TRUE,18.2608767767197
0.58,0.58,TRUE,4.59133088242743
0.58,0.58,TRUE,14.7890582807668
0.58,0.58,TRUE,8.06746496545384
0.58,0.58,FALSE,-6.42447940958664
0.58,0.58,TRUE,7.3944001302516
0.58,0.58,TRUE,13.2761811916971
0.58,0.58,FALSE,-12.6103901142269
0.58,0.58,TRUE,14.2579620940996
0.58,0.58,TRUE,20.1732147167786
0.58,0.58,TRUE,24.2014461376129
0.58,0.58,FALSE,-2.38700910806074
0.58,0.58,TRUE,5.65411755097739
0.58,0.58,TRUE,6.24584336310727
0.58,0.58,TRUE,28.6802882822376
0.58,0.58,TRUE,31.4456127206286
0.58,0.58,TRUE,27.5732355871587
0.58,0.58,TRUE,3.94000901498293
0.59,0.59,TRUE,32.6599330606223
0.59,0.59,TRUE,10.5235104174353
0.59,0.59,FALSE,-4.54609154468926
0.59,0.59,TRUE,22.6160375492836
0.59,0.59,TRUE,28.8280580692772
0.59,0.59,TRUE,41.3243039033223
0.59,0.59,TRUE,9.82640122730663
0.59,0.59,FALSE,-2.39936365832182
0.59,0.59,TRUE,4.83083760794761
0.59,0.59,TRUE,21.3667316180799
0.59,0.59,TRUE,29.233079188296
0.59,0.59,TRUE,8.5412065214332
0.59,0.59,TRUE,10.1144529987469
0.59,0.59,TRUE,16.5558075921545
0.59,0.59,TRUE,43.7397776143953
0.59,0.59,TRUE,31.7775553989559
0.59,0.59,FALSE,-3.63498224044815
0.59,0.59,TRUE,5.97756777426912
0.59,0.59,TRUE,40.7867521987573
0.59,0.59,TRUE,2.56390334965181
0.59,0.59,TRUE,43.2996707612765
0.59,0.59,TRUE,1.981409629876
0.59,0.59,TRUE,21.5768217315417
0.59,0.59,FALSE,-6.28615878182973
0.59,0.59,FALSE,-1.73549252052908
0.59,0.59,TRUE,9.95508036680985
0.59,0.59,TRUE,3.12603338805275
0.59,0.59,TRUE,17.4041306827712
0.59,0.59,TRUE,2.61229600176739
0.59,0.59,TRUE,12.0719445412797
0.59,0.59,FALSE,-16.0291450508121
0.59,0.59,TRUE,1.47335567259142
0.59,0.59,TRUE,29.5835350400994
0.59,0.59,FALSE,-7.47186565406446
0.59,0.59,TRUE,5.93011355980707
0.59,0.59,TRUE,12.4132357385715
0.59,0.59,TRUE,4.18828560576367
0.59,0.59,TRUE,3.30042825546843
0.59,0.59,TRUE,5.69868948301155
0.59,0.59,TRUE,58.865174866416
0.59,0.59,TRUE,16.7995610352955
0.59,0.59,FALSE,-6.34182102783234
0.59,0.59,TRUE,10.2578418548728
0.59,0.59,TRUE,39.8599348252101
0.59,0.59,TRUE,21.2208955324058
0.59,0.59,TRUE,4.38774007971733
0.59,0.59,TRUE,21.1488640943317
0.59,0.59,TRUE,25.6121799775901
0.59,0.59,TRUE,7.74811669026167
0.59,0.59,FALSE,-5.45096767871291
0.6,0.6,TRUE,10.6331609423323
0.6,0.6,FALSE,-2.32767217167566
0.6,0.6,TRUE,30.9754971836337
0.6,0.6,TRUE,22.0523519886847
0.6,0.6,TRUE,8.38343152938978
0.6,0.6,FALSE,-1.32274395574859
0.6,0.6,TRUE,34.6692031679013
0.6,0.6,TRUE,6.3113505965448
0.6,0.6,TRUE,22.6004903257999
0.6,0.6,TRUE,31.4859916669229
0.6,0.6,TRUE,8.65774025028804
0.6,0.6,TRUE,24.713987695206
0.6,0.6,TRUE,22.5522842220853
0.6,0.6,TRUE,29.4978899463094
0.6,0.6,TRUE,12.4686574473671
0.6,0.6,TRUE,104.063693931912
0.6,0.6,TRUE,27.6923152322051
0.6,0.6,FALSE,-2.4025029653676
0.6,0.6,TRUE,9.40284488659381
0.6,0.6,TRUE,32.5071065328229
0.6,0.6,TRUE,54.717701375208
0.6,0.6,TRUE,10.3521201384647
0.6,0.6,TRUE,16.9422246119284
0.6,0.6,TRUE,18.2748797867825
0.6,0.6,TRUE,28.7499585126861
0.6,0.6,TRUE,36.6455222109435
0.6,0.6,TRUE,5.98675360293419
0.6,0.6,TRUE,20.4823127455456
0.6,0.6,TRUE,18.8068227604381
0.6,0.6,TRUE,2.77273814152795
0.6,0.6,TRUE,21.9135561028597
0.6,0.6,TRUE,61.9439350573703
0.6,0.6,FALSE,-2.583714291457
0.6,0.6,TRUE,38.5422368147556
0.6,0.6,TRUE,19.813998457972
0.6,0.6,TRUE,13.9732427847121
0.6,0.6,TRUE,0.924030264770408
0.6,0.6,TRUE,40.6772610983826
0.6,0.6,TRUE,23.7261210216675
0.6,0.6,TRUE,30.0959260259333
0.6,0.6,FALSE,-5.36084106907583
0.6,0.6,FALSE,-1.20437427592333
0.6,0.6,TRUE,23.0960757655448
0.6,0.6,TRUE,37.9957052613427
0.6,0.6,TRUE,17.6368149283771
0.6,0.6,TRUE,8.37034204518204
0.6,0.6,FALSE,-8.10254483541939
0.6,0.6,TRUE,13.0846318141012
0.6,0.6,TRUE,32.6795949875122
0.6,0.6,TRUE,2.88357896560774
0.61,0.61,TRUE,21.3657001401589
0.61,0.61,TRUE,33.5654777752534
0.61,0.61,TRUE,28.7130293912269
0.61,0.61,TRUE,23.6298754424097
0.61,0.61,TRUE,11.136244783138
0.61,0.61,TRUE,21.2716940084429
0.61,0.61,TRUE,8.55520807742869
0.61,0.61,TRUE,8.00947424620972
0.61,0.61,TRUE,75.7274900257617
0.61,0.61,TRUE,44.3225101198877
0.61,0.61,TRUE,6.99896049659219
0.61,0.61,TRUE,39.3324668174464
0.61,0.61,TRUE,13.1163507658493
0.61,0.61,TRUE,2.61087516190673
0.61,0.61,TRUE,18.6446394226768
0.61,0.61,TRUE,2.31773047697061
0.61,0.61,TRUE,42.5178781616742
0.61,0.61,FALSE,-0.268410082488117
0.61,0.61,FALSE,-5.26230482928804
0.61,0.61,TRUE,26.8055340444625
0.61,0.61,TRUE,36.8254362800253
0.61,0.61,FALSE,-13.8758574106723
0.61,0.61,TRUE,36.6496655850278
0.61,0.61,TRUE,10.8318777909044
0.61,0.61,TRUE,10.1279530877255
0.61,0.61,TRUE,4.25588478077771
0.61,0.61,TRUE,18.518015841415
0.61,0.61,TRUE,21.1069280959127
0.61,0.61,TRUE,29.9286078467885
0.61,0.61,TRUE,35.5717888351974
0.61,0.61,TRUE,4.63157527967633
0.61,0.61,TRUE,42.083388435236
0.61,0.61,TRUE,52.5485294014907
0.61,0.61,TRUE,6.40363124988653
0.61,0.61,TRUE,18.5782979198775
0.61,0.61,TRUE,29.8292912331708
0.61,0.61,TRUE,17.4700257820623
0.61,0.61,TRUE,22.9613537489604
0.61,0.61,TRUE,30.8081135756693
0.61,0.61,TRUE,3.52835908233828
0.61,0.61,TRUE,28.169048794196
0.61,0.61,FALSE,-7.74968472351975
0.61,0.61,TRUE,20.7886345396837
0.61,0.61,TRUE,26.1694121544497
0.61,0.61,TRUE,1.53873999191637
0.61,0.61,TRUE,13.5291359818766
0.61,0.61,TRUE,27.0836002415963
0.61,0.61,FALSE,-7.07221285553169
0.61,0.61,TRUE,4.01100354033406
0.61,0.61,TRUE,5.02939669491025
0.62,0.62,TRUE,2.8027184470775
0.62,0.62,TRUE,7.23668379960873
0.62,0.62,TRUE,4.38046930955898
0.62,0.62,TRUE,16.990804807323
0.62,0.62,TRUE,38.5574219446316
0.62,0.62,TRUE,41.8031663021866
0.62,0.62,FALSE,-4.70390759136353
0.62,0.62,TRUE,14.1156952879319
0.62,0.62,TRUE,30.3694891853302
0.62,0.62,TRUE,26.2042157535943
0.62,0.62,FALSE,-5.55411722285135
0.62,0.62,TRUE,10.9604585678608
0.62,0.62,TRUE,10.5596946831829
0.62,0.62,TRUE,31.5888942591628
0.62,0.62,TRUE,14.1493462650615
0.62,0.62,TRUE,13.3826261118993
0.62,0.62,FALSE,-4.84934282301401
0.62,0.62,TRUE,44.3672689073028
0.62,0.62,TRUE,40.3568218206128
0.62,0.62,FALSE,-9.11283952671511
0.62,0.62,FALSE,-2.94949200624978
0.62,0.62,FALSE,-8.48477236140388
0.62,0.62,FALSE,-2.45113037701594
0.62,0.62,TRUE,24.2650438821911
0.62,0.62,TRUE,14.900122769468
0.62,0.62,TRUE,9.59194414052399
0.62,0.62,TRUE,18.7435686730059
0.62,0.62,TRUE,53.3533759764068
0.62,0.62,TRUE,21.5585460306684
0.62,0.62,TRUE,24.0179119891582
0.62,0.62,TRUE,36.4416293729046
0.62,0.62,TRUE,34.8738784338966
0.62,0.62,TRUE,17.1549941355806
0.62,0.62,TRUE,10.0167589900884
0.62,0.62,TRUE,35.3684224126409
0.62,0.62,TRUE,25.111299273547
0.62,0.62,TRUE,3.70480581492666
0.62,0.62,FALSE,-1.36098980093448
0.62,0.62,TRUE,1.94499075489148
0.62,0.62,TRUE,29.424537077306
0.62,0.62,TRUE,12.8268232368937
0.62,0.62,TRUE,10.9895261614147
0.62,0.62,TRUE,20.0528154358944
0.62,0.62,TRUE,2.5880595010567
0.62,0.62,TRUE,36.2740097361493
0.62,0.62,TRUE,33.4920382621676
0.62,0.62,TRUE,43.232764076638
0.62,0.62,TRUE,37.1040676511329
0.62,0.62,TRUE,23.924022020019
0.62,0.62,TRUE,20.0684414826646
0.63,0.63,TRUE,29.4077117213856
0.63,0.63,TRUE,45.427160521489
0.63,0.63,TRUE,12.8949835899839
0.63,0.63,TRUE,25.3456581070132
0.63,0.63,TRUE,28.8774317510251
0.63,0.63,TRUE,13.1452301888094
0.63,0.63,TRUE,16.6557514632768
0.63,0.63,TRUE,26.7899634970818
0.63,0.63,TRUE,11.6856831808109
0.63,0.63,TRUE,43.08994064328
0.63,0.63,TRUE,34.0774959006849
0.63,0.63,TRUE,48.862781232132
0.63,0.63,TRUE,22.6540872783953
0.63,0.63,TRUE,29.7327989814403
0.63,0.63,TRUE,9.88446839450626
0.63,0.63,TRUE,45.073798570269
0.63,0.63,TRUE,4.09051831926263
0.63,0.63,TRUE,10.7419367135553
0.63,0.63,TRUE,51.3723243041677
0.63,0.63,TRUE,22.6611023099249
0.63,0.63,TRUE,9.60610567503318
0.63,0.63,TRUE,43.5810943488468
0.63,0.63,TRUE,16.1159871573545
0.63,0.63,TRUE,14.1518440641521
0.63,0.63,TRUE,39.2443792151971
0.63,0.63,FALSE,-7.75178480314207
0.63,0.63,TRUE,37.1082239632051
0.63,0.63,TRUE,16.1184934427074
0.63,0.63,TRUE,2.34322522714865
0.63,0.63,FALSE,-0.528194321992487
0.63,0.63,TRUE,15.3699408900538
0.63,0.63,TRUE,27.0235324888235
0.63,0.63,TRUE,8.91842483078653
0.63,0.63,TRUE,0.163689915447321
0.63,0.63,TRUE,18.8004027145362
0.63,0.63,TRUE,4.35324793622203
0.63,0.63,TRUE,30.4840568681866
0.63,0.63,TRUE,33.0293945837839
0.63,0.63,TRUE,31.7264681577544
0.63,0.63,TRUE,8.87781320356589
0.63,0.63,TRUE,10.1577085269382
0.63,0.63,TRUE,3.18683806612171
0.63,0.63,TRUE,3.31268590991021
0.63,0.63,TRUE,35.9618844012657
0.63,0.63,TRUE,7.19089390711815
0.63,0.63,FALSE,-3.43356293065517
0.63,0.63,TRUE,19.1166874979863
0.63,0.63,TRUE,30.7054556149014
0.63,0.63,TRUE,22.2850846393958
0.63,0.63,TRUE,0.512705600765912
0.64,0.64,TRUE,29.728942007423
0.64,0.64,TRUE,6.46546404383844
0.64,0.64,TRUE,1.1616953740122
0.64,0.64,TRUE,40.213335040713
0.64,0.64,FALSE,-6.03766173739496
0.64,0.64,TRUE,16.9598887599896
0.64,0.64,TRUE,57.6166953824031
0.64,0.64,TRUE,28.1768342769465
0.64,0.64,TRUE,37.4257128824684
0.64,0.64,TRUE,38.7890087031483
0.64,0.64,TRUE,13.9286168309736
0.64,0.64,TRUE,20.0211005412202
0.64,0.64,TRUE,39.7759107285747
0.64,0.64,TRUE,15.4344756833816
0.64,0.64,TRUE,35.1205350057244
0.64,0.64,TRUE,9.94852890300899
0.64,0.64,FALSE,-11.5470110630558
0.64,0.64,TRUE,5.13038542458889
0.64,0.64,TRUE,14.7390860492415
0.64,0.64,TRUE,20.8296261192627
0.64,0.64,FALSE,-3.16481673996168
0.64,0.64,TRUE,44.8852569040646
0.64,0.64,FALSE,-6.1420801166787
0.64,0.64,TRUE,14.3069826231949
0.64,0.64,TRUE,21.7801476109744
0.64,0.64,TRUE,7.94688825905905
0.64,0.64,FALSE,-2.48455077486506
0.64,0.64,TRUE,18.5423971207965
0.64,0.64,TRUE,15.1386014200689
0.64,0.64,TRUE,4.63597861178641
0.64,0.64,TRUE,9.86702302562844
0.64,0.64,TRUE,24.1658076520434
0.64,0.64,TRUE,24.4310093647509
0.64,0.64,FALSE,-4.13043154928164
0.64,0.64,TRUE,33.341454424768
0.64,0.64,TRUE,2.84423712134958
0.64,0.64,TRUE,39.2215472651624
0.64,0.64,TRUE,13.1149875238589
0.64,0.64,TRUE,25.1595963145628
0.64,0.64,TRUE,21.0687035055525
0.64,0.64,TRUE,22.5820569607749
0.64,0.64,TRUE,25.0034012654796
0.64,0.64,TRUE,22.5044415176635
0.64,0.64,TRUE,27.8545732056591
0.64,0.64,TRUE,18.121265881844
0.64,0.64,TRUE,33.2992994895394
0.64,0.64,TRUE,36.1710893008967
0.64,0.64,TRUE,54.3949197195325
0.64,0.64,TRUE,15.6583122795382
0.64,0.64,TRUE,9.21097148910849
0.65,0.65,TRUE,53.4059431554815
0.65,0.65,TRUE,35.1137062711714
0.65,0.65,FALSE,-2.50476340552632
0.65,0.65,FALSE,-3.63050257371287
0.65,0.65,FALSE,-7.52455467948312
0.65,0.65,TRUE,8.41208948843632
0.65,0.65,TRUE,34.0040058272425
0.65,0.65,TRUE,14.5555255352992
0.65,0.65,TRUE,17.9738128375284
0.65,0.65,TRUE,29.6477890101123
0.65,0.65,TRUE,17.7139248087733
0.65,0.65,FALSE,-6.97483358137833
0.65,0.65,TRUE,11.119970595053
0.65,0.65,TRUE,27.8414839408179
0.65,0.65,TRUE,14.1753270865411
0.65,0.65,TRUE,15.9710737576715
0.65,0.65,TRUE,7.84205276028661
0.65,0.65,TRUE,22.7357455888487
0.65,0.65,TRUE,27.6453178595693
0.65,0.65,TRUE,21.8342951207269
0.65,0.65,TRUE,37.1061057721854
0.65,0.65,TRUE,31.9327086671656
0.65,0.65,TRUE,41.2960150981744
0.65,0.65,TRUE,32.0561799288553
0.65,0.65,TRUE,63.049236019513
0.65,0.65,FALSE,-6.16054283671474
0.65,0.65,TRUE,11.9164442872752
0.65,0.65,TRUE,1.70580656515813
0.65,0.65,TRUE,63.1891510578826
0.65,0.65,TRUE,15.2792758446594
0.65,0.65,TRUE,5.6159274746351
0.65,0.65,FALSE,-4.1926311719144
0.65,0.65,TRUE,31.3676352648472
0.65,0.65,TRUE,26.6278564801432
0.65,0.65,TRUE,13.0535277528033
0.65,0.65,TRUE,40.8533619106893
0.65,0.65,TRUE,22.1116698971782
0.65,0.65,TRUE,29.4634243567416
0.65,0.65,TRUE,12.5127001870242
0.65,0.65,TRUE,4.3499685502502
0.65,0.65,TRUE,16.469004189581
0.65,0.65,TRUE,35.4016943398856
0.65,0.65,TRUE,62.2105095032857
0.65,0.65,TRUE,18.228663981361
0.65,0.65,TRUE,22.5467616385176
0.65,0.65,TRUE,25.1499690628261
0.65,0.65,FALSE,-3.9178019337669
0.65,0.65,TRUE,17.9647418778513
0.65,0.65,TRUE,10.8447704069476
0.65,0.65,TRUE,33.5889562804223
0.66,0.66,TRUE,37.1366553822445
0.66,0.66,TRUE,6.69722581460883
0.66,0.66,TRUE,30.095251116054
0.66,0.66,FALSE,-6.06254794164124
0.66,0.66,TRUE,13.4692300481183
0.66,0.66,TRUE,22.7293952685104
0.66,0.66,TRUE,18.6062087839491
0.66,0.66,TRUE,43.3783791759815
0.66,0.66,TRUE,71.2202597020369
0.66,0.66,TRUE,46.3751637435307
0.66,0.66,TRUE,43.697021158514
0.66,0.66,TRUE,47.1214987400672
0.66,0.66,TRUE,37.8541733560596
0.66,0.66,TRUE,5.51158898495487
0.66,0.66,TRUE,26.1696894108973
0.66,0.66,TRUE,16.6075240131177
0.66,0.66,TRUE,9.31793337211275
0.66,0.66,TRUE,35.3647020422977
0.66,0.66,FALSE,-2.03058671602412
0.66,0.66,FALSE,-5.78878904635349
0.66,0.66,TRUE,34.2952246668538
0.66,0.66,TRUE,12.9417824989832
0.66,0.66,TRUE,5.89935487362163
0.66,0.66,TRUE,23.4294404989923
0.66,0.66,TRUE,31.0148460632627
0.66,0.66,TRUE,15.8311515162241
0.66,0.66,TRUE,15.2485675641292
0.66,0.66,FALSE,-7.95067717540587
0.66,0.66,TRUE,10.8490691431834
0.66,0.66,TRUE,0.172853508811386
0.66,0.66,TRUE,18.8383566244847
0.66,0.66,TRUE,25.5231037948215
0.66,0.66,TRUE,33.1982139188112
0.66,0.66,TRUE,10.3936675294353
0.66,0.66,FALSE,-0.979572539174114
0.66,0.66,TRUE,17.7429150415737
0.66,0.66,TRUE,3.24409735996232
0.66,0.66,TRUE,38.9169827651858
0.66,0.66,TRUE,12.1504490038133
0.66,0.66,TRUE,3.4663255297819
0.66,0.66,TRUE,3.45338954707768
0.66,0.66,TRUE,92.7485909761162
0.66,0.66,TRUE,21.4664860079647
0.66,0.66,TRUE,13.365844070915
0.66,0.66,TRUE,18.903731651797
0.66,0.66,TRUE,24.4481497574452
0.66,0.66,TRUE,42.2003043182413
0.66,0.66,TRUE,34.5209021509545
0.66,0.66,TRUE,6.41761073357338
0.66,0.66,TRUE,15.4381330167853
0.67,0.67,TRUE,3.41520183480316
0.67,0.67,TRUE,6.77876984986506
0.67,0.67,TRUE,32.9181965030621
0.67,0.67,TRUE,13.3210609733324
0.67,0.67,TRUE,33.7444669903598
0.67,0.67,TRUE,27.2552071669779
0.67,0.67,TRUE,1.81013325884851
0.67,0.67,TRUE,11.2501532870374
0.67,0.67,TRUE,74.6898580634916
0.67,0.67,FALSE,-1.46631429253466
0.67,0.67,TRUE,32.3292294464627
0.67,0.67,TRUE,15.3904956247352
0.67,0.67,TRUE,15.2397450121789
0.67,0.67,TRUE,35.9890825152761
0.67,0.67,TRUE,11.9996273026773
0.67,0.67,TRUE,6.59884032440823
0.67,0.67,TRUE,16.5229515735882
0.67,0.67,TRUE,26.6226760792197
0.67,0.67,TRUE,31.2450935668203
0.67,0.67,TRUE,24.4536052030962
0.67,0.67,TRUE,21.7758149650799
0.67,0.67,FALSE,-0.372353014114196
0.67,0.67,TRUE,22.1264461273313
0.67,0.67,TRUE,24.6179172529301
0.67,0.67,TRUE,24.5921892331098
0.67,0.67,TRUE,13.2665325766393
0.67,0.67,TRUE,25.1543098200418
0.67,0.67,TRUE,3.03685663618307
0.67,0.67,TRUE,23.7875757668407
0.67,0.67,TRUE,3.86661527939214
0.67,0.67,TRUE,25.2425837155097
0.67,0.67,TRUE,36.8879472320623
0.67,0.67,TRUE,9.90085504939998
0.67,0.67,FALSE,-5.22248462237621
0.67,0.67,TRUE,7.83452254044096
0.67,0.67,TRUE,31.4582951746743
0.67,0.67,TRUE,7.66947626040201
0.67,0.67,TRUE,3.60610049036404
0.67,0.67,TRUE,35.2435014743969
0.67,0.67,TRUE,12.268631059138
0.67,0.67,TRUE,37.4850877404424
0.67,0.67,TRUE,6.7015032502859
0.67,0.67,TRUE,19.1610510641403
0.67,0.67,TRUE,21.3444899482347
0.67,0.67,TRUE,6.39596374799294
0.67,0.67,TRUE,31.7903556882957
0.67,0.67,TRUE,5.50159851570425
0.67,0.67,TRUE,29.0405073921356
0.67,0.67,TRUE,21.9679099030836
0.67,0.67,TRUE,20.693024298027
0.68,0.68,TRUE,40.2250374929863
0.68,0.68,FALSE,-0.266925005416851
0.68,0.68,TRUE,32.6771243134353
0.68,0.68,TRUE,14.5973759393128
0.68,0.68,TRUE,30.2552198362537
0.68,0.68,TRUE,68.1551437622984
0.68,0.68,TRUE,58.0222469661057
0.68,0.68,TRUE,34.7373482081202
0.68,0.68,FALSE,-7.03987014147788
0.68,0.68,TRUE,20.2392094403331
0.68,0.68,TRUE,13.9705664086578
0.68,0.68,FALSE,-4.68143295769551
0.68,0.68,TRUE,26.7927324418306
0.68,0.68,TRUE,19.363929858886
0.68,0.68,TRUE,31.2835183560492
0.68,0.68,TRUE,63.609213595977
0.68,0.68,TRUE,34.5632728646742
0.68,0.68,TRUE,46.3996365587227
0.68,0.68,FALSE,-2.97921838147158
0.68,0.68,TRUE,29.0467444010246
0.68,0.68,TRUE,54.1311624200898
0.68,0.68,TRUE,16.8083672374887
0.68,0.68,FALSE,-1.37112362139305
0.68,0.68,TRUE,8.50409366145323
0.68,0.68,TRUE,35.6840333584878
0.68,0.68,TRUE,58.0303238059096
0.68,0.68,TRUE,17.6318947154541
0.68,0.68,TRUE,15.977412397664
0.68,0.68,TRUE,3.25802534431932
0.68,0.68,TRUE,3.69530699198731
0.68,0.68,TRUE,5.55585962739133
0.68,0.68,TRUE,32.5573438341235
0.68,0.68,TRUE,50.1435964167758
0.68,0.68,TRUE,13.4704131301005
0.68,0.68,TRUE,34.6125785584882
0.68,0.68,TRUE,47.6257322204801
0.68,0.68,TRUE,48.3653958119212
0.68,0.68,TRUE,45.4967519485253
0.68,0.68,TRUE,5.53118006243676
0.68,0.68,FALSE,-3.10430504744727
0.68,0.68,FALSE,-6.36409203665607
0.68,0.68,TRUE,12.5693081692771
0.68,0.68,TRUE,49.2117725855933
0.68,0.68,TRUE,5.43622634339408
0.68,0.68,FALSE,-3.57468997935212
0.68,0.68,TRUE,23.701842968243
0.68,0.68,FALSE,-1.74883980812228
0.68,0.68,TRUE,43.8537940567003
0.68,0.68,TRUE,14.7007991927567
0.68,0.68,TRUE,12.6470712801274
0.69,0.69,TRUE,51.1043481318084
0.69,0.69,TRUE,28.6059230830178
0.69,0.69,TRUE,3.05725960814743
0.69,0.69,TRUE,19.7383349654629
0.69,0.69,TRUE,16.529893800518
0.69,0.69,TRUE,16.7177782753315
0.69,0.69,TRUE,13.5920543453285
0.69,0.69,TRUE,45.1365606678773
0.69,0.69,TRUE,7.52334485655956
0.69,0.69,FALSE,-5.6945495205764
0.69,0.69,TRUE,40.0160786820816
0.69,0.69,TRUE,49.8513444464879
0.69,0.69,TRUE,9.82034034118988
0.69,0.69,TRUE,6.21230762912455
0.69,0.69,TRUE,24.4833400110547
0.69,0.69,TRUE,1.03244416397138
0.69,0.69,TRUE,3.2711170835064
0.69,0.69,TRUE,26.5392174783519
0.69,0.69,TRUE,12.9866279740381
0.69,0.69,TRUE,12.6897459040192
0.69,0.69,TRUE,6.20804199777922
0.69,0.69,TRUE,39.5818615516109
0.69,0.69,TRUE,7.83391408514217
0.69,0.69,TRUE,8.71441369818422
0.69,0.69,TRUE,7.80555147890118
0.69,0.69,TRUE,16.0376070849888
0.69,0.69,TRUE,38.3702373863271
0.69,0.69,TRUE,8.23619373779366
0.69,0.69,TRUE,27.4882726878532
0.69,0.69,TRUE,9.28774731394878
0.69,0.69,TRUE,18.4332010250764
0.69,0.69,TRUE,34.1231484664604
0.69,0.69,TRUE,27.8789582121171
0.69,0.69,TRUE,33.8794803205528
0.69,0.69,TRUE,35.8551510005782
0.69,0.69,TRUE,30.7359394155574
0.69,0.69,TRUE,32.1882386279431
0.69,0.69,TRUE,15.101727850426
0.69,0.69,TRUE,46.7832300672417
0.69,0.69,TRUE,21.151440837908
0.69,0.69,TRUE,31.7538396243617
0.69,0.69,TRUE,86.7125102575919
0.69,0.69,TRUE,17.1041289759269
0.69,0.69,TRUE,41.4293160228553
0.69,0.69,TRUE,48.9074795989654
0.69,0.69,TRUE,28.1448526165368
0.69,0.69,TRUE,28.5493506275197
0.69,0.69,TRUE,33.4630638736307
0.69,0.69,TRUE,7.00389768245077
0.69,0.69,TRUE,44.315263675704
0.7,0.7,TRUE,2.1461505219595
0.7,0.7,TRUE,43.7907580367682
0.7,0.7,TRUE,47.6698225524124
0.7,0.7,TRUE,54.1793661683951
0.7,0.7,TRUE,67.2845420269805
0.7,0.7,TRUE,37.4341615567319
0.7,0.7,TRUE,24.1232529859881
0.7,0.7,TRUE,36.2977363944374
0.7,0.7,FALSE,-9.19019655365992
0.7,0.7,TRUE,21.9960405093989
0.7,0.7,TRUE,33.9160439196203
0.7,0.7,TRUE,18.8573518397316
0.7,0.7,TRUE,0.0511080711257819
0.7,0.7,TRUE,50.7675831415509
0.7,0.7,TRUE,22.0303327183465
0.7,0.7,TRUE,10.9864942587228
0.7,0.7,TRUE,2.32890518508066
0.7,0.7,TRUE,24.9626589027757
0.7,0.7,TRUE,9.44209820766628
0.7,0.7,TRUE,43.7697807829136
0.7,0.7,TRUE,17.7966008492258
0.7,0.7,TRUE,11.6496883332256
0.7,0.7,TRUE,40.3737044638801
0.7,0.7,TRUE,2.91914628001177
0.7,0.7,TRUE,40.2909893515243
0.7,0.7,TRUE,3.49400493751091
0.7,0.7,TRUE,3.5006386738678
0.7,0.7,TRUE,5.62358584821413
0.7,0.7,TRUE,1.25444022640295
0.7,0.7,TRUE,3.63750655993499
0.7,0.7,TRUE,6.22510931430952
0.7,0.7,TRUE,105.495238649048
0.7,0.7,TRUE,48.4207216347677
0.7,0.7,TRUE,32.9172240735388
0.7,0.7,TRUE,19.1258853582985
0.7,0.7,TRUE,46.7258133980358
0.7,0.7,TRUE,20.5991929024931
0.7,0.7,TRUE,70.9952278698365
0.7,0.7,TRUE,45.5531241956487
0.7,0.7,TRUE,15.6974270456303
0.7,0.7,TRUE,28.3093505818215
0.7,0.7,TRUE,15.5717762251879
0.7,0.7,TRUE,2.21515169988925
0.7,0.7,TRUE,31.2113686967241
0.7,0.7,TRUE,23.0075220047474
0.7,0.7,TRUE,42.422277313326
0.7,0.7,TRUE,43.2054100779533
0.7,0.7,FALSE,-1.03962077857432
0.7,0.7,TRUE,6.66925569248633
0.7,0.7,TRUE,25.3194258664662
